Tree	Transformed_Tree	One	Two	Three	Pattern
kaj <obj jaz <nsubj vem	['kaj <obj', 'jaz <nsubj', 'vem']	O	S	V	OSV
kaj <obj to <nsubj pomeni	['kaj <obj', 'to <nsubj', 'pomeni']	O	S	V	OSV
mi <obj je >nsubj poklic	['mi <obj', 'je', '>nsubj poklic']	O	V	S	OVS
to <nsubj mi <obj zdi	['to <nsubj', 'mi <obj', 'zdi']	S	O	V	SOV
aktiv <nsubj dobi >obj rezultat	['aktiv <nsubj', 'dobi', '>obj rezultat']	S	V	O	SVO
jaz <nsubj ga <obj spomnim	['jaz <nsubj', 'ga <obj', 'spomnim']	S	O	V	SOV
kaj <obj ti <nsubj govoriš	['kaj <obj', 'ti <nsubj', 'govoriš']	O	S	V	OSV
kaj <obj vi <nsubj pravite	['kaj <obj', 'vi <nsubj', 'pravite']	O	S	V	OSV
kar <nsubj mi <obj zdi	['kar <nsubj', 'mi <obj', 'zdi']	S	O	V	SOV
kar <nsubj tega <obj tiče	['kar <nsubj', 'tega <obj', 'tiče']	S	O	V	SOV
kdo <nsubj ga <obj zagleda	['kdo <nsubj', 'ga <obj', 'zagleda']	S	O	V	SOV
kraj <nsubj vam <obj je	['kraj <nsubj', 'vam <obj', 'je']	S	O	V	SOV
mi <nsubj tega <obj predlagali	['mi <nsubj', 'tega <obj', 'predlagali']	S	O	V	SOV
mi <obj bil >nsubj film	['mi <obj', 'bil', '>nsubj film']	O	V	S	OVS
mi <obj je >nsubj film	['mi <obj', 'je', '>nsubj film']	O	V	S	OVS
mi <obj zdi >nsubj to	['mi <obj', 'zdi', '>nsubj to']	O	V	S	OVS
poklic <nsubj mi <obj je	['poklic <nsubj', 'mi <obj', 'je']	S	O	V	SOV
to <nsubj me <obj zanima	['to <nsubj', 'me <obj', 'zanima']	S	O	V	SOV
to <nsubj mi <obj je	['to <nsubj', 'mi <obj', 'je']	S	O	V	SOV
Afganistanca <nsubj našla >obj kovčka	['Afganistanca <nsubj', 'našla', '>obj kovčka']	S	V	O	SVO
David <nsubj imel >obj priložnost	['David <nsubj', 'imel', '>obj priložnost']	S	V	O	SVO
Hegel <nsubj uporablja >obj izraz	['Hegel <nsubj', 'uporablja', '>obj izraz']	S	V	O	SVO
Istro <obj osvojili >nsubj partizani	['Istro <obj', 'osvojili', '>nsubj partizani']	O	V	S	OVS
Italijani <nsubj imajo >obj to	['Italijani <nsubj', 'imajo', '>obj to']	S	V	O	SVO
Izrael <nsubj vpoklical >obj rezervistov	['Izrael <nsubj', 'vpoklical', '>obj rezervistov']	S	V	O	SVO
Jaz <nsubj bi >obj to	['Jaz <nsubj', 'bi', '>obj to']	S	V	O	SVO
Jaz <nsubj predavala >obj ex	['Jaz <nsubj', 'predavala', '>obj ex']	S	V	O	SVO
Jernej <nsubj ima >obj vlogi	['Jernej <nsubj', 'ima', '>obj vlogi']	S	V	O	SVO
Joža <nsubj spoznala >obj mene	['Joža <nsubj', 'spoznala', '>obj mene']	S	V	O	SVO
Jure <nsubj to <obj opravil	['Jure <nsubj', 'to <obj', 'opravil']	S	O	V	SOV
Kristusa <obj odigra >nsubj igralec	['Kristusa <obj', 'odigra', '>nsubj igralec']	O	V	S	OVS
Ljubljana <nsubj dobila >obj cesto	['Ljubljana <nsubj', 'dobila', '>obj cesto']	S	V	O	SVO
Ministrstvo <nsubj pripravila >obj nabor	['Ministrstvo <nsubj', 'pripravila', '>obj nabor']	S	V	O	SVO
Montessori <nsubj ima >obj svoje	['Montessori <nsubj', 'ima', '>obj svoje']	S	V	O	SVO
Nina <nsubj nima >obj predstav	['Nina <nsubj', 'nima', '>obj predstav']	S	V	O	SVO
Poljaki <nsubj tekmo <obj igrali	['Poljaki <nsubj', 'tekmo <obj', 'igrali']	S	O	V	SOV
Radio <nsubj ima >obj napovedovalce	['Radio <nsubj', 'ima', '>obj napovedovalce']	S	V	O	SVO
Razbor <nsubj komuni <obj prodal	['Razbor <nsubj', 'komuni <obj', 'prodal']	S	O	V	SOV
Romi <nsubj izobrazbe <obj pojmujejo	['Romi <nsubj', 'izobrazbe <obj', 'pojmujejo']	S	O	V	SOV
Slovenija <nsubj ima >obj stališča	['Slovenija <nsubj', 'ima', '>obj stališča']	S	V	O	SVO
Slovenija <nsubj je >obj trgu	['Slovenija <nsubj', 'je', '>obj trgu']	S	V	O	SVO
Slovenija <nsubj namenila >obj vrsto	['Slovenija <nsubj', 'namenila', '>obj vrsto']	S	V	O	SVO
Slovenija <nsubj prepevala >obj Samo	['Slovenija <nsubj', 'prepevala', '>obj Samo']	S	V	O	SVO
Slovenija <nsubj priključevala >obj uniji	['Slovenija <nsubj', 'priključevala', '>obj uniji']	S	V	O	SVO
Slovenija <nsubj ustanovila >obj urad	['Slovenija <nsubj', 'ustanovila', '>obj urad']	S	V	O	SVO
Waldorfska <nsubj ima >obj svoje	['Waldorfska <nsubj', 'ima', '>obj svoje']	S	V	O	SVO
[name:organisation] <nsubj ima >obj monopol	['[name:organisation] <nsubj', 'ima', '>obj monopol']	S	V	O	SVO
[name:personal] <nsubj berilo <obj brala	['[name:personal] <nsubj', 'berilo <obj', 'brala']	S	O	V	SOV
[name:personal] <nsubj delale >obj projekt	['[name:personal] <nsubj', 'delale', '>obj projekt']	S	V	O	SVO
[name:personal] <nsubj fanta <obj prevzel	['[name:personal] <nsubj', 'fanta <obj', 'prevzel']	S	O	V	SOV
[name:personal] <nsubj flancatov <obj najedla	['[name:personal] <nsubj', 'flancatov <obj', 'najedla']	S	O	V	SOV
[name:personal] <nsubj ga <obj imele	['[name:personal] <nsubj', 'ga <obj', 'imele']	S	O	V	SOV
[name:personal] <nsubj ga <obj peče	['[name:personal] <nsubj', 'ga <obj', 'peče']	S	O	V	SOV
[name:personal] <nsubj izdala >obj knjigo	['[name:personal] <nsubj', 'izdala', '>obj knjigo']	S	V	O	SVO
[name:personal] <nsubj izrazil >obj željo	['[name:personal] <nsubj', 'izrazil', '>obj željo']	S	V	O	SVO
[name:personal] <nsubj me <obj vprašala	['[name:personal] <nsubj', 'me <obj', 'vprašala']	S	O	V	SOV
[name:personal] <nsubj metal >obj drva	['[name:personal] <nsubj', 'metal', '>obj drva']	S	V	O	SVO
[name:personal] <nsubj mi <obj prinesla	['[name:personal] <nsubj', 'mi <obj', 'prinesla']	S	O	V	SOV
[name:personal] <nsubj mu <obj je	['[name:personal] <nsubj', 'mu <obj', 'je']	S	O	V	SOV
[name:personal] <nsubj nalepke <obj polimala	['[name:personal] <nsubj', 'nalepke <obj', 'polimala']	S	O	V	SOV
[name:personal] <nsubj pove >obj svoje	['[name:personal] <nsubj', 'pove', '>obj svoje']	S	V	O	SVO
[name:personal] <nsubj pripeljal >obj cikular	['[name:personal] <nsubj', 'pripeljal', '>obj cikular']	S	V	O	SVO
atom <nsubj odda >obj elektrone	['atom <nsubj', 'odda', '>obj elektrone']	S	V	O	SVO
atomi <nsubj tvorijo >obj katione	['atomi <nsubj', 'tvorijo', '>obj katione']	S	V	O	SVO
avgust <nsubj ti <obj dogaja	['avgust <nsubj', 'ti <obj', 'dogaja']	S	O	V	SOV
avtobusi <nsubj imajo >obj izkoristek	['avtobusi <nsubj', 'imajo', '>obj izkoristek']	S	V	O	SVO
banke <nsubj spremljale >obj razvoj	['banke <nsubj', 'spremljale', '>obj razvoj']	S	V	O	SVO
beseda <nsubj mi <obj zdi	['beseda <nsubj', 'mi <obj', 'zdi']	S	O	V	SOV
biomaso <obj imate >nsubj vi	['biomaso <obj', 'imate', '>nsubj vi']	O	V	S	OVS
bitje <nsubj premaga >obj zlo	['bitje <nsubj', 'premaga', '>obj zlo']	S	V	O	SVO
bo >obj mene >nsubj sram	['bo', '>obj mene', '>nsubj sram']	V	O	S	VOS
boli >obj te >nsubj kurac	['boli', '>obj te', '>nsubj kurac']	V	O	S	VOS
bolnik <nsubj dobi >obj antibiotika	['bolnik <nsubj', 'dobi', '>obj antibiotika']	S	V	O	SVO
bolnik <nsubj dobi >obj podatek	['bolnik <nsubj', 'dobi', '>obj podatek']	S	V	O	SVO
bolnik <nsubj soglasje <obj prekliče	['bolnik <nsubj', 'soglasje <obj', 'prekliče']	S	O	V	SOV
bolniki <nsubj spremljajo >obj bolezen	['bolniki <nsubj', 'spremljajo', '>obj bolezen']	S	V	O	SVO
bolnikov <nsubj presliši >obj informacijo	['bolnikov <nsubj', 'presliši', '>obj informacijo']	S	V	O	SVO
bolnišnica <nsubj ima >obj postelj	['bolnišnica <nsubj', 'ima', '>obj postelj']	S	V	O	SVO
brata <nsubj vas <obj spremljala	['brata <nsubj', 'vas <obj', 'spremljala']	S	O	V	SOV
cena <nsubj nima >obj zveze	['cena <nsubj', 'nima', '>obj zveze']	S	V	O	SVO
cocacola <nsubj jih <obj ima	['cocacola <nsubj', 'jih <obj', 'ima']	S	O	V	SOV
dala >nsubj ona >obj kaj	['dala', '>nsubj ona', '>obj kaj']	V	S	O	VSO
dan <nsubj pomenil >obj odstotkov	['dan <nsubj', 'pomenil', '>obj odstotkov']	S	V	O	SVO
dedek <nsubj nas <obj zove	['dedek <nsubj', 'nas <obj', 'zove']	S	O	V	SOV
del <nsubj izvedlo >obj meritve	['del <nsubj', 'izvedlo', '>obj meritve']	S	V	O	SVO
del <nsubj mi <obj je	['del <nsubj', 'mi <obj', 'je']	S	O	V	SOV
del <obj odpeljala >nsubj Putzerjeva	['del <obj', 'odpeljala', '>nsubj Putzerjeva']	O	V	S	OVS
delaš >nsubj ti >obj magistrsko	['delaš', '>nsubj ti', '>obj magistrsko']	V	S	O	VSO
delo <nsubj mi <obj je	['delo <nsubj', 'mi <obj', 'je']	S	O	V	SOV
delo <nsubj obsega >obj usmeritve	['delo <nsubj', 'obsega', '>obj usmeritve']	S	V	O	SVO
delodajalci <nsubj namenjali >obj področju	['delodajalci <nsubj', 'namenjali', '>obj področju']	S	V	O	SVO
delodajalci <nsubj pozornosti <obj namenjali	['delodajalci <nsubj', 'pozornosti <obj', 'namenjali']	S	O	V	SOV
direktiva <nsubj področje <obj obravnava	['direktiva <nsubj', 'področje <obj', 'obravnava']	S	O	V	SOV
direktiva <nsubj uveljavila >obj pravico	['direktiva <nsubj', 'uveljavila', '>obj pravico']	S	V	O	SVO
dobi >obj ga >nsubj banda	['dobi', '>obj ga', '>nsubj banda']	V	O	S	VOS
dobijo >nsubj družine >obj pomoč	['dobijo', '>nsubj družine', '>obj pomoč']	V	S	O	VSO
dobijo >nsubj uporabniki >obj on	['dobijo', '>nsubj uporabniki', '>obj on']	V	S	O	VSO
dobil >nsubj Martin >obj obvestilo	['dobil', '>nsubj Martin', '>obj obvestilo']	V	S	O	VSO
dobili >obj dodatek >nsubj otroci	['dobili', '>obj dodatek', '>nsubj otroci']	V	O	S	VOS
doktorat <nsubj odpira >obj vrata	['doktorat <nsubj', 'odpira', '>obj vrata']	S	V	O	SVO
drugi <nsubj pojem <obj povezujejo	['drugi <nsubj', 'pojem <obj', 'povezujejo']	S	O	V	SOV
država <nsubj izračuna >obj dohodnino	['država <nsubj', 'izračuna', '>obj dohodnino']	S	V	O	SVO
država <nsubj naredila >obj spisek	['država <nsubj', 'naredila', '>obj spisek']	S	V	O	SVO
državljankam <obj krši >nsubj pravica	['državljankam <obj', 'krši', '>nsubj pravica']	O	V	S	OVS
državo <obj čaka >nsubj dela	['državo <obj', 'čaka', '>nsubj dela']	O	V	S	OVS
dvom <obj zbuja >nsubj dejstvo	['dvom <obj', 'zbuja', '>nsubj dejstvo']	O	V	S	OVS
eden <nsubj dal >obj sliko	['eden <nsubj', 'dal', '>obj sliko']	S	V	O	SVO
eden <nsubj dobi >obj nagrade	['eden <nsubj', 'dobi', '>obj nagrade']	S	V	O	SVO
en <nsubj napisal >obj bak	['en <nsubj', 'napisal', '>obj bak']	S	V	O	SVO
en <nsubj to <obj naredi	['en <nsubj', 'to <obj', 'naredi']	S	O	V	SOV
ena <nsubj [name:personal] <obj zrihtala	['ena <nsubj', '[name:personal] <obj', 'zrihtala']	S	O	V	SOV
ena <nsubj poje >obj drugo	['ena <nsubj', 'poje', '>obj drugo']	S	V	O	SVO
eni <nsubj temu <obj izogibajo	['eni <nsubj', 'temu <obj', 'izogibajo']	S	O	V	SOV
enka <nsubj oscilator <obj zaoscilira	['enka <nsubj', 'oscilator <obj', 'zaoscilira']	S	O	V	SOV
evrov <obj da >nsubj država	['evrov <obj', 'da', '>nsubj država']	O	V	S	OVS
film <nsubj je >obj meni	['film <nsubj', 'je', '>obj meni']	S	V	O	SVO
film <nsubj mi <obj bil	['film <nsubj', 'mi <obj', 'bil']	S	O	V	SOV
frendica <nsubj knjigo <obj izdala	['frendica <nsubj', 'knjigo <obj', 'izdala']	S	O	V	SOV
ga <obj dela >nsubj to	['ga <obj', 'dela', '>nsubj to']	O	V	S	OVS
ga <obj direktor <nsubj ustanovil	['ga <obj', 'direktor <nsubj', 'ustanovil']	O	S	V	OSV
ga <obj imenujemo >nsubj tok	['ga <obj', 'imenujemo', '>nsubj tok']	O	V	S	OVS
ga <obj izvaja >nsubj subjekt	['ga <obj', 'izvaja', '>nsubj subjekt']	O	V	S	OVS
ga <obj jaz <nsubj imam	['ga <obj', 'jaz <nsubj', 'imam']	O	S	V	OSV
ga <obj ljudje <nsubj zajebavali	['ga <obj', 'ljudje <nsubj', 'zajebavali']	O	S	V	OSV
ga <obj mi <nsubj uporabljamo	['ga <obj', 'mi <nsubj', 'uporabljamo']	O	S	V	OSV
ga <obj omenil >nsubj [name:personal]	['ga <obj', 'omenil', '>nsubj [name:personal]']	O	V	S	OVS
ga <obj oče <nsubj razveseli	['ga <obj', 'oče <nsubj', 'razveseli']	O	S	V	OSV
ga <obj oče <nsubj skril	['ga <obj', 'oče <nsubj', 'skril']	O	S	V	OSV
ga <obj praznik <nsubj prinaša	['ga <obj', 'praznik <nsubj', 'prinaša']	O	S	V	OSV
ga <obj prebere >nsubj nekdo	['ga <obj', 'prebere', '>nsubj nekdo']	O	V	S	OVS
ga <obj predvideva >nsubj strategija	['ga <obj', 'predvideva', '>nsubj strategija']	O	V	S	OVS
ga <obj sooblikoval >nsubj mehanik	['ga <obj', 'sooblikoval', '>nsubj mehanik']	O	V	S	OVS
ga <obj transponiral >nsubj člen	['ga <obj', 'transponiral', '>nsubj člen']	O	V	S	OVS
ga <obj zaboli >nsubj tisti	['ga <obj', 'zaboli', '>nsubj tisti']	O	V	S	OVS
ga <obj zavezniki <nsubj bombardirali	['ga <obj', 'zavezniki <nsubj', 'bombardirali']	O	S	V	OSV
ga <obj čakajo >nsubj situacije	['ga <obj', 'čakajo', '>nsubj situacije']	O	V	S	OVS
galaksija <nsubj pojedla >obj drugo	['galaksija <nsubj', 'pojedla', '>obj drugo']	S	V	O	SVO
garmin <nsubj jih <obj pelje	['garmin <nsubj', 'jih <obj', 'pelje']	S	O	V	SOV
gospod <nsubj izpostavil >obj vprašanje	['gospod <nsubj', 'izpostavil', '>obj vprašanje']	S	V	O	SVO
gospod <nsubj plačala >obj kredite	['gospod <nsubj', 'plačala', '>obj kredite']	S	V	O	SVO
hrano <obj jaz <nsubj pripravljam	['hrano <obj', 'jaz <nsubj', 'pripravljam']	O	S	V	OSV
ima >nsubj Bog >obj smisel	['ima', '>nsubj Bog', '>obj smisel']	V	S	O	VSO
ima >nsubj dejavnost >obj učinke	['ima', '>nsubj dejavnost', '>obj učinke']	V	S	O	VSO
ima >nsubj epidemija >obj posledico	['ima', '>nsubj epidemija', '>obj posledico']	V	S	O	VSO
ima >nsubj gospa >obj številko	['ima', '>nsubj gospa', '>obj številko']	V	S	O	VSO
ima >nsubj ljudi >obj Facebook	['ima', '>nsubj ljudi', '>obj Facebook']	V	S	O	VSO
ima >nsubj posameznik >obj naslov	['ima', '>nsubj posameznik', '>obj naslov']	V	S	O	VSO
ima >nsubj pridelava >obj posledice	['ima', '>nsubj pridelava', '>obj posledice']	V	S	O	VSO
ima >nsubj to >obj veze	['ima', '>nsubj to', '>obj veze']	V	S	O	VSO
ima >nsubj vsak >obj zgodbo	['ima', '>nsubj vsak', '>obj zgodbo']	V	S	O	VSO
ima >nsubj vse >obj okus	['ima', '>nsubj vse', '>obj okus']	V	S	O	VSO
imajo >nsubj Italijani >obj to	['imajo', '>nsubj Italijani', '>obj to']	V	S	O	VSO
imajo >nsubj otroci >obj priložnosti	['imajo', '>nsubj otroci', '>obj priložnosti']	V	S	O	VSO
imajo >nsubj vsi >obj cajt	['imajo', '>nsubj vsi', '>obj cajt']	V	S	O	VSO
imajo >nsubj škratje >obj moči	['imajo', '>nsubj škratje', '>obj moči']	V	S	O	VSO
imajo >obj čas >nsubj prebivalci	['imajo', '>obj čas', '>nsubj prebivalci']	V	O	S	VOS
imam >nsubj jaz >obj obveznosti	['imam', '>nsubj jaz', '>obj obveznosti']	V	S	O	VSO
imata >nsubj vidva >obj mene	['imata', '>nsubj vidva', '>obj mene']	V	S	O	VSO
imate >nsubj vi >obj Belokranjce	['imate', '>nsubj vi', '>obj Belokranjce']	V	S	O	VSO
imate >nsubj vi >obj vrste	['imate', '>nsubj vi', '>obj vrste']	V	S	O	VSO
imaš >nsubj ti >obj dela	['imaš', '>nsubj ti', '>obj dela']	V	S	O	VSO
imaš >nsubj ti >obj prednost	['imaš', '>nsubj ti', '>obj prednost']	V	S	O	VSO
imaš >nsubj ti >obj slike	['imaš', '>nsubj ti', '>obj slike']	V	S	O	VSO
imaš >nsubj ti >obj table	['imaš', '>nsubj ti', '>obj table']	V	S	O	VSO
imel >nsubj center >obj postelj	['imel', '>nsubj center', '>obj postelj']	V	S	O	VSO
imela >nsubj jaz >obj isto	['imela', '>nsubj jaz', '>obj isto']	V	S	O	VSO
imela >obj besedo >nsubj [name:personal]	['imela', '>obj besedo', '>nsubj [name:personal]']	V	O	S	VOS
imeli >nsubj družine >obj ostanek	['imeli', '>nsubj družine', '>obj ostanek']	V	S	O	VSO
informacije <obj bolnik <nsubj dobi	['informacije <obj', 'bolnik <nsubj', 'dobi']	O	S	V	OSV
inteligenca <nsubj nadgradi >obj sisteme	['inteligenca <nsubj', 'nadgradi', '>obj sisteme']	S	V	O	SVO
interesi <nsubj ustvarjajo >obj razred	['interesi <nsubj', 'ustvarjajo', '>obj razred']	S	V	O	SVO
internet <nsubj mi <obj pretekel	['internet <nsubj', 'mi <obj', 'pretekel']	S	O	V	SOV
inšpektor <nsubj dobil >obj policista	['inšpektor <nsubj', 'dobil', '>obj policista']	S	V	O	SVO
isto <obj mi <nsubj delamo	['isto <obj', 'mi <nsubj', 'delamo']	O	S	V	OSV
izdelkov <nsubj ima >obj ta	['izdelkov <nsubj', 'ima', '>obj ta']	S	V	O	SVO
izvajalec <nsubj podatke <obj obravnava	['izvajalec <nsubj', 'podatke <obj', 'obravnava']	S	O	V	SOV
javnost <nsubj kodifikacijo <obj uresničuje	['javnost <nsubj', 'kodifikacijo <obj', 'uresničuje']	S	O	V	SOV
javnost <nsubj posvetili >obj pozornost	['javnost <nsubj', 'posvetili', '>obj pozornost']	S	V	O	SVO
jaz <nsubj Brooklyna <obj gledal	['jaz <nsubj', 'Brooklyna <obj', 'gledal']	S	O	V	SOV
jaz <nsubj bom >obj drugo	['jaz <nsubj', 'bom', '>obj drugo']	S	V	O	SVO
jaz <nsubj cvek <obj pisal	['jaz <nsubj', 'cvek <obj', 'pisal']	S	O	V	SOV
jaz <nsubj dal >obj timijana	['jaz <nsubj', 'dal', '>obj timijana']	S	V	O	SVO
jaz <nsubj dala >obj mačkov	['jaz <nsubj', 'dala', '>obj mačkov']	S	V	O	SVO
jaz <nsubj dopolnila >obj doktor	['jaz <nsubj', 'dopolnila', '>obj doktor']	S	V	O	SVO
jaz <nsubj ga <obj čujem	['jaz <nsubj', 'ga <obj', 'čujem']	S	O	V	SOV
jaz <nsubj gledam >obj položnico	['jaz <nsubj', 'gledam', '>obj položnico']	S	V	O	SVO
jaz <nsubj igral >obj Rocket	['jaz <nsubj', 'igral', '>obj Rocket']	S	V	O	SVO
jaz <nsubj imam >obj dni	['jaz <nsubj', 'imam', '>obj dni']	S	V	O	SVO
jaz <nsubj imam >obj dva	['jaz <nsubj', 'imam', '>obj dva']	S	V	O	SVO
jaz <nsubj imam >obj enega	['jaz <nsubj', 'imam', '>obj enega']	S	V	O	SVO
jaz <nsubj imam >obj filme	['jaz <nsubj', 'imam', '>obj filme']	S	V	O	SVO
jaz <nsubj imam >obj kil	['jaz <nsubj', 'imam', '>obj kil']	S	V	O	SVO
jaz <nsubj imam >obj občutek	['jaz <nsubj', 'imam', '>obj občutek']	S	V	O	SVO
jaz <nsubj imam >obj otroke	['jaz <nsubj', 'imam', '>obj otroke']	S	V	O	SVO
jaz <nsubj imam >obj srečo	['jaz <nsubj', 'imam', '>obj srečo']	S	V	O	SVO
jaz <nsubj imam >obj teraso	['jaz <nsubj', 'imam', '>obj teraso']	S	V	O	SVO
jaz <nsubj imam >obj težavo	['jaz <nsubj', 'imam', '>obj težavo']	S	V	O	SVO
jaz <nsubj imam >obj to	['jaz <nsubj', 'imam', '>obj to']	S	V	O	SVO
jaz <nsubj imam >obj uro	['jaz <nsubj', 'imam', '>obj uro']	S	V	O	SVO
jaz <nsubj imel >obj jurjev	['jaz <nsubj', 'imel', '>obj jurjev']	S	V	O	SVO
jaz <nsubj imel >obj razlago	['jaz <nsubj', 'imel', '>obj razlago']	S	V	O	SVO
jaz <nsubj imel >obj zaščito	['jaz <nsubj', 'imel', '>obj zaščito']	S	V	O	SVO
jaz <nsubj imela >obj mačke	['jaz <nsubj', 'imela', '>obj mačke']	S	V	O	SVO
jaz <nsubj imela >obj pogovor	['jaz <nsubj', 'imela', '>obj pogovor']	S	V	O	SVO
jaz <nsubj imela >obj rože	['jaz <nsubj', 'imela', '>obj rože']	S	V	O	SVO
jaz <nsubj imela >obj smolo	['jaz <nsubj', 'imela', '>obj smolo']	S	V	O	SVO
jaz <nsubj imela >obj časa	['jaz <nsubj', 'imela', '>obj časa']	S	V	O	SVO
jaz <nsubj iskal >obj karavan	['jaz <nsubj', 'iskal', '>obj karavan']	S	V	O	SVO
jaz <nsubj izpostavila >obj področja	['jaz <nsubj', 'izpostavila', '>obj področja']	S	V	O	SVO
jaz <nsubj izraz <obj napisala	['jaz <nsubj', 'izraz <obj', 'napisala']	S	O	V	SOV
jaz <nsubj jo <obj nadomestim	['jaz <nsubj', 'jo <obj', 'nadomestim']	S	O	V	SOV
jaz <nsubj jo <obj videl	['jaz <nsubj', 'jo <obj', 'videl']	S	O	V	SOV
jaz <nsubj končal >obj Ikš	['jaz <nsubj', 'končal', '>obj Ikš']	S	V	O	SVO
jaz <nsubj kuhala >obj kosilo	['jaz <nsubj', 'kuhala', '>obj kosilo']	S	V	O	SVO
jaz <nsubj mislim >obj ono	['jaz <nsubj', 'mislim', '>obj ono']	S	V	O	SVO
jaz <nsubj našel >obj zanimivo	['jaz <nsubj', 'našel', '>obj zanimivo']	S	V	O	SVO
jaz <nsubj nekaj <obj menjal	['jaz <nsubj', 'nekaj <obj', 'menjal']	S	O	V	SOV
jaz <nsubj ocenjujem >obj ljudi	['jaz <nsubj', 'ocenjujem', '>obj ljudi']	S	V	O	SVO
jaz <nsubj opisal >obj zgodbo	['jaz <nsubj', 'opisal', '>obj zgodbo']	S	V	O	SVO
jaz <nsubj pogledala >obj sezono	['jaz <nsubj', 'pogledala', '>obj sezono']	S	V	O	SVO
jaz <nsubj pojma <obj nimam	['jaz <nsubj', 'pojma <obj', 'nimam']	S	O	V	SOV
jaz <nsubj povzela >obj besede	['jaz <nsubj', 'povzela', '>obj besede']	S	V	O	SVO
jaz <nsubj pozabil >obj zvezke	['jaz <nsubj', 'pozabil', '>obj zvezke']	S	V	O	SVO
jaz <nsubj poznal >obj kolega	['jaz <nsubj', 'poznal', '>obj kolega']	S	V	O	SVO
jaz <nsubj prekinila >obj pisanje	['jaz <nsubj', 'prekinila', '>obj pisanje']	S	V	O	SVO
jaz <nsubj preverim >obj sestavine	['jaz <nsubj', 'preverim', '>obj sestavine']	S	V	O	SVO
jaz <nsubj si <obj pomagam	['jaz <nsubj', 'si <obj', 'pomagam']	S	O	V	SOV
jaz <nsubj skledo <obj snedla	['jaz <nsubj', 'skledo <obj', 'snedla']	S	O	V	SOV
jaz <nsubj sprejela >obj prijavo	['jaz <nsubj', 'sprejela', '>obj prijavo']	S	V	O	SVO
jaz <nsubj stvar <obj pogruntam	['jaz <nsubj', 'stvar <obj', 'pogruntam']	S	O	V	SOV
jaz <nsubj te <obj imam	['jaz <nsubj', 'te <obj', 'imam']	S	O	V	SOV
jaz <nsubj tega <obj držim	['jaz <nsubj', 'tega <obj', 'držim']	S	O	V	SOV
jaz <nsubj tega <obj izdal	['jaz <nsubj', 'tega <obj', 'izdal']	S	O	V	SOV
jaz <nsubj temu <obj pravim	['jaz <nsubj', 'temu <obj', 'pravim']	S	O	V	SOV
jaz <nsubj to <obj imela	['jaz <nsubj', 'to <obj', 'imela']	S	O	V	SOV
jaz <nsubj to <obj naredila	['jaz <nsubj', 'to <obj', 'naredila']	S	O	V	SOV
jaz <nsubj to <obj pogledam	['jaz <nsubj', 'to <obj', 'pogledam']	S	O	V	SOV
jaz <nsubj to <obj učil	['jaz <nsubj', 'to <obj', 'učil']	S	O	V	SOV
jaz <nsubj vam <obj opravičujem	['jaz <nsubj', 'vam <obj', 'opravičujem']	S	O	V	SOV
jaz <nsubj videl >obj šaljivcev	['jaz <nsubj', 'videl', '>obj šaljivcev']	S	V	O	SVO
jaz <nsubj videla >obj spremembe	['jaz <nsubj', 'videla', '>obj spremembe']	S	V	O	SVO
jaz <nsubj vidim >obj rešitev	['jaz <nsubj', 'vidim', '>obj rešitev']	S	V	O	SVO
jaz <nsubj vsakemu <obj odgovorim	['jaz <nsubj', 'vsakemu <obj', 'odgovorim']	S	O	V	SOV
jaz <nsubj zafrknil >obj vse	['jaz <nsubj', 'zafrknil', '>obj vse']	S	V	O	SVO
jaz <nsubj špilal >obj frajtonarico	['jaz <nsubj', 'špilal', '>obj frajtonarico']	S	V	O	SVO
jaz <nsubj štajerščine <obj slišim	['jaz <nsubj', 'štajerščine <obj', 'slišim']	S	O	V	SOV
je <obj noben <nsubj poslušal	['je <obj', 'noben <nsubj', 'poslušal']	O	S	V	OSV
je >obj mami >nsubj ime	['je', '>obj mami', '>nsubj ime']	V	O	S	VOS
jed <nsubj ima >obj simbol	['jed <nsubj', 'ima', '>obj simbol']	S	V	O	SVO
ji <obj je >nsubj ime	['ji <obj', 'je', '>nsubj ime']	O	V	S	OVS
ji <obj vi <nsubj podarite	['ji <obj', 'vi <nsubj', 'podarite']	O	S	V	OSV
jih <nsubj konča >obj šole	['jih <nsubj', 'konča', '>obj šole']	S	V	O	SVO
jih <obj Republika <nsubj uzakonila	['jih <obj', 'Republika <nsubj', 'uzakonila']	O	S	V	OSV
jih <obj bolnik <nsubj prepoznal	['jih <obj', 'bolnik <nsubj', 'prepoznal']	O	S	V	OSV
jih <obj bolniki <nsubj spoštujejo	['jih <obj', 'bolniki <nsubj', 'spoštujejo']	O	S	V	OSV
jih <obj daje >nsubj država	['jih <obj', 'daje', '>nsubj država']	O	V	S	OVS
jih <obj dajejo >nsubj društva	['jih <obj', 'dajejo', '>nsubj društva']	O	V	S	OVS
jih <obj doktor <nsubj povedala	['jih <obj', 'doktor <nsubj', 'povedala']	O	S	V	OSV
jih <obj imajo >nsubj organizacije	['jih <obj', 'imajo', '>nsubj organizacije']	O	V	S	OVS
jih <obj izdalo >nsubj združenje	['jih <obj', 'izdalo', '>nsubj združenje']	O	V	S	OVS
jih <obj je >nsubj ona	['jih <obj', 'je', '>nsubj ona']	O	V	S	OVS
jih <obj ljudje <nsubj razumeli	['jih <obj', 'ljudje <nsubj', 'razumeli']	O	S	V	OSV
jih <obj mi <nsubj uvrščamo	['jih <obj', 'mi <nsubj', 'uvrščamo']	O	S	V	OSV
jih <obj opisovali >nsubj pojmi	['jih <obj', 'opisovali', '>nsubj pojmi']	O	V	S	OVS
jih <obj opisujejo >nsubj drugi	['jih <obj', 'opisujejo', '>nsubj drugi']	O	V	S	OVS
jih <obj posredoval >nsubj predsednik	['jih <obj', 'posredoval', '>nsubj predsednik']	O	V	S	OVS
jih <obj postavili >nsubj teoretiki	['jih <obj', 'postavili', '>nsubj teoretiki']	O	V	S	OVS
jih <obj postavlja >nsubj agencija	['jih <obj', 'postavlja', '>nsubj agencija']	O	V	S	OVS
jih <obj prinesla >nsubj karantena	['jih <obj', 'prinesla', '>nsubj karantena']	O	V	S	OVS
jih <obj sami <nsubj uporabljajo	['jih <obj', 'sami <nsubj', 'uporabljajo']	O	S	V	OSV
jih <obj služba <nsubj detektirala	['jih <obj', 'služba <nsubj', 'detektirala']	O	S	V	OSV
jih <obj subkulture <nsubj imajo	['jih <obj', 'subkulture <nsubj', 'imajo']	O	S	V	OSV
jih <obj to <nsubj tiče	['jih <obj', 'to <nsubj', 'tiče']	O	S	V	OSV
jih <obj treniramo >nsubj mi	['jih <obj', 'treniramo', '>nsubj mi']	O	V	S	OVS
jih <obj uporabljajo >nsubj starejši	['jih <obj', 'uporabljajo', '>nsubj starejši']	O	V	S	OVS
jih <obj ženske <nsubj dajejo	['jih <obj', 'ženske <nsubj', 'dajejo']	O	S	V	OSV
jim <obj jaz <nsubj pravim	['jim <obj', 'jaz <nsubj', 'pravim']	O	S	V	OSV
jim <obj jaz <nsubj rečem	['jim <obj', 'jaz <nsubj', 'rečem']	O	S	V	OSV
jim <obj nekateri <nsubj pravijo	['jim <obj', 'nekateri <nsubj', 'pravijo']	O	S	V	OSV
jim <obj odpovedala >nsubj oskrbnica	['jim <obj', 'odpovedala', '>nsubj oskrbnica']	O	V	S	OVS
jim <obj to <nsubj olajšalo	['jim <obj', 'to <nsubj', 'olajšalo']	O	S	V	OSV
jim <obj to <nsubj rata	['jim <obj', 'to <nsubj', 'rata']	O	S	V	OSV
jim <obj to <nsubj ratalo	['jim <obj', 'to <nsubj', 'ratalo']	O	S	V	OSV
jima <obj life <nsubj spremenil	['jima <obj', 'life <nsubj', 'spremenil']	O	S	V	OSV
jo <obj določata >nsubj elementa	['jo <obj', 'določata', '>nsubj elementa']	O	V	S	OVS
jo <obj igrajo >nsubj člani	['jo <obj', 'igrajo', '>nsubj člani']	O	V	S	OVS
jo <obj imeli >nsubj učitelji	['jo <obj', 'imeli', '>nsubj učitelji']	O	V	S	OVS
jo <obj jaz <nsubj poznam	['jo <obj', 'jaz <nsubj', 'poznam']	O	S	V	OSV
jo <obj oblikujejo >nsubj dejavniki	['jo <obj', 'oblikujejo', '>nsubj dejavniki']	O	V	S	OVS
jo <obj pokliče >nsubj šef	['jo <obj', 'pokliče', '>nsubj šef']	O	V	S	OVS
jo <obj služba <nsubj raztrga	['jo <obj', 'služba <nsubj', 'raztrga']	O	S	V	OSV
jo <obj uporablja >nsubj število	['jo <obj', 'uporablja', '>nsubj število']	O	V	S	OVS
jo <obj vi <nsubj izkazali	['jo <obj', 'vi <nsubj', 'izkazali']	O	S	V	OSV
jo <obj vlaga >nsubj poslancev	['jo <obj', 'vlaga', '>nsubj poslancev']	O	V	S	OVS
jo <obj vodil >nsubj gospod	['jo <obj', 'vodil', '>nsubj gospod']	O	V	S	OVS
ju <obj jaz <nsubj pokličem	['ju <obj', 'jaz <nsubj', 'pokličem']	O	S	V	OSV
kaj <nsubj gledišča <obj tiče	['kaj <nsubj', 'gledišča <obj', 'tiče']	S	O	V	SOV
kaj <nsubj jo <obj dela	['kaj <nsubj', 'jo <obj', 'dela']	S	O	V	SOV
kaj <nsubj kapitala <obj tiče	['kaj <nsubj', 'kapitala <obj', 'tiče']	S	O	V	SOV
kaj <nsubj te <obj čaka	['kaj <nsubj', 'te <obj', 'čaka']	S	O	V	SOV
kaj <nsubj temu <obj reče	['kaj <nsubj', 'temu <obj', 'reče']	S	O	V	SOV
kaj <nsubj ti <obj zdi	['kaj <nsubj', 'ti <obj', 'zdi']	S	O	V	SOV
kaj <obj [name:personal] <nsubj rekel	['kaj <obj', '[name:personal] <nsubj', 'rekel']	O	S	V	OSV
kaj <obj bo >nsubj metronom	['kaj <obj', 'bo', '>nsubj metronom']	O	V	S	OVS
kaj <obj delate >nsubj izvajalci	['kaj <obj', 'delate', '>nsubj izvajalci']	O	V	S	OVS
kaj <obj delate >nsubj vi	['kaj <obj', 'delate', '>nsubj vi']	O	V	S	OVS
kaj <obj ima >nsubj Neža	['kaj <obj', 'ima', '>nsubj Neža']	O	V	S	OVS
kaj <obj imata >nsubj skupini	['kaj <obj', 'imata', '>nsubj skupini']	O	V	S	OVS
kaj <obj izraža >nsubj glagol	['kaj <obj', 'izraža', '>nsubj glagol']	O	V	S	OVS
kaj <obj jaz <nsubj rečem	['kaj <obj', 'jaz <nsubj', 'rečem']	O	S	V	OSV
kaj <obj midva <nsubj rekla	['kaj <obj', 'midva <nsubj', 'rekla']	O	S	V	OSV
kaj <obj misliš >nsubj ti	['kaj <obj', 'misliš', '>nsubj ti']	O	V	S	OVS
kaj <obj oni <nsubj delajo	['kaj <obj', 'oni <nsubj', 'delajo']	O	S	V	OSV
kaj <obj pokazala >nsubj pomlad	['kaj <obj', 'pokazala', '>nsubj pomlad']	O	V	S	OVS
kaj <obj pomeni >nsubj ta	['kaj <obj', 'pomeni', '>nsubj ta']	O	V	S	OVS
kaj <obj pravi >nsubj Nina	['kaj <obj', 'pravi', '>nsubj Nina']	O	V	S	OVS
kaj <obj pravite >nsubj vi	['kaj <obj', 'pravite', '>nsubj vi']	O	V	S	OVS
kaj <obj prineslo >nsubj leto	['kaj <obj', 'prineslo', '>nsubj leto']	O	V	S	OVS
kaj <obj pripravili >nsubj babe	['kaj <obj', 'pripravili', '>nsubj babe']	O	V	S	OVS
kaj <obj puščice <nsubj pomenijo	['kaj <obj', 'puščice <nsubj', 'pomenijo']	O	S	V	OSV
kaj <obj sama <nsubj pravi	['kaj <obj', 'sama <nsubj', 'pravi']	O	S	V	OSV
kaj <obj sistem <nsubj prinesel	['kaj <obj', 'sistem <nsubj', 'prinesel']	O	S	V	OSV
kaj <obj skupnost <nsubj naredi	['kaj <obj', 'skupnost <nsubj', 'naredi']	O	S	V	OSV
kaj <obj vemo >nsubj mi	['kaj <obj', 'vemo', '>nsubj mi']	O	V	S	OVS
kaj <obj vi <nsubj menite	['kaj <obj', 'vi <nsubj', 'menite']	O	S	V	OSV
kar <nsubj družbo <obj zanima	['kar <nsubj', 'družbo <obj', 'zanima']	S	O	V	SOV
kar <nsubj dvignilo >obj prahu	['kar <nsubj', 'dvignilo', '>obj prahu']	S	V	O	SVO
kar <nsubj ga <obj žene	['kar <nsubj', 'ga <obj', 'žene']	S	O	V	SOV
kar <nsubj interesa <obj tiče	['kar <nsubj', 'interesa <obj', 'tiče']	S	O	V	SOV
kar <nsubj jim <obj koristilo	['kar <nsubj', 'jim <obj', 'koristilo']	S	O	V	SOV
kar <nsubj meni <obj zdelo	['kar <nsubj', 'meni <obj', 'zdelo']	S	O	V	SOV
kar <nsubj mi <obj godi	['kar <nsubj', 'mi <obj', 'godi']	S	O	V	SOV
kar <nsubj mi <obj ni	['kar <nsubj', 'mi <obj', 'ni']	S	O	V	SOV
kar <nsubj naju <obj povezuje	['kar <nsubj', 'naju <obj', 'povezuje']	S	O	V	SOV
kar <nsubj nam <obj zdi	['kar <nsubj', 'nam <obj', 'zdi']	S	O	V	SOV
kar <nsubj pomeni >obj procentov	['kar <nsubj', 'pomeni', '>obj procentov']	S	V	O	SVO
kar <nsubj pomeni >obj številka	['kar <nsubj', 'pomeni', '>obj številka']	S	V	O	SVO
kar <nsubj predstavlja >obj izziv	['kar <nsubj', 'predstavlja', '>obj izziv']	S	V	O	SVO
kar <nsubj sledi >obj interesom	['kar <nsubj', 'sledi', '>obj interesom']	S	V	O	SVO
kar <nsubj sledi >obj potrebam	['kar <nsubj', 'sledi', '>obj potrebam']	S	V	O	SVO
kar <nsubj tiče >obj Mure	['kar <nsubj', 'tiče', '>obj Mure']	S	V	O	SVO
kar <nsubj tiče >obj kina	['kar <nsubj', 'tiče', '>obj kina']	S	V	O	SVO
kar <nsubj tiče >obj kolesarja	['kar <nsubj', 'tiče', '>obj kolesarja']	S	V	O	SVO
kar <nsubj tiče >obj ljudi	['kar <nsubj', 'tiče', '>obj ljudi']	S	V	O	SVO
kar <nsubj tiče >obj meda	['kar <nsubj', 'tiče', '>obj meda']	S	V	O	SVO
kar <nsubj tiče >obj prehrane	['kar <nsubj', 'tiče', '>obj prehrane']	S	V	O	SVO
kar <nsubj tiče >obj tega	['kar <nsubj', 'tiče', '>obj tega']	S	V	O	SVO
kar <nsubj tiče >obj češenj	['kar <nsubj', 'tiče', '>obj češenj']	S	V	O	SVO
kar <nsubj tiče >obj švicanja	['kar <nsubj', 'tiče', '>obj švicanja']	S	V	O	SVO
kar <nsubj zadeva >obj imetnike	['kar <nsubj', 'zadeva', '>obj imetnike']	S	V	O	SVO
kar <nsubj zadeva >obj zgodbe	['kar <nsubj', 'zadeva', '>obj zgodbe']	S	V	O	SVO
kar <nsubj študentom <obj zdi	['kar <nsubj', 'študentom <obj', 'zdi']	S	O	V	SOV
kar <obj direktiva <nsubj predvideva	['kar <obj', 'direktiva <nsubj', 'predvideva']	O	S	V	OSV
kar <obj dobiš >nsubj ti	['kar <obj', 'dobiš', '>nsubj ti']	O	V	S	OVS
kar <obj kaže >nsubj vrsta	['kar <obj', 'kaže', '>nsubj vrsta']	O	V	S	OVS
kar <obj kdo <nsubj predstavlja	['kar <obj', 'kdo <nsubj', 'predstavlja']	O	S	V	OSV
kar <obj kolega <nsubj povedal	['kar <obj', 'kolega <nsubj', 'povedal']	O	S	V	OSV
kar <obj otrok <nsubj rabi	['kar <obj', 'otrok <nsubj', 'rabi']	O	S	V	OSV
kar <obj predlagatelj <nsubj naslavlja	['kar <obj', 'predlagatelj <nsubj', 'naslavlja']	O	S	V	OSV
kar <obj ugotavljajo >nsubj institucije	['kar <obj', 'ugotavljajo', '>nsubj institucije']	O	V	S	OVS
kar <obj vsak <nsubj videl	['kar <obj', 'vsak <nsubj', 'videl']	O	S	V	OSV
kar <obj zbrani <nsubj pospremili	['kar <obj', 'zbrani <nsubj', 'pospremili']	O	S	V	OSV
kar <obj zdravnik <nsubj povedal	['kar <obj', 'zdravnik <nsubj', 'povedal']	O	S	V	OSV
kar <obj zdravnik <nsubj predpisal	['kar <obj', 'zdravnik <nsubj', 'predpisal']	O	S	V	OSV
kar <obj šola <nsubj razpiše	['kar <obj', 'šola <nsubj', 'razpiše']	O	S	V	OSV
katero <obj zmaga >nsubj aliansa	['katero <obj', 'zmaga', '>nsubj aliansa']	O	V	S	OVS
kdo <nsubj ga <obj imel	['kdo <nsubj', 'ga <obj', 'imel']	S	O	V	SOV
kdo <nsubj imel >obj denar	['kdo <nsubj', 'imel', '>obj denar']	S	V	O	SVO
kdo <nsubj je >obj to	['kdo <nsubj', 'je', '>obj to']	S	V	O	SVO
kdo <nsubj knjige <obj sposodil	['kdo <nsubj', 'knjige <obj', 'sposodil']	S	O	V	SOV
kdo <nsubj mi <obj kosi	['kdo <nsubj', 'mi <obj', 'kosi']	S	O	V	SOV
kdo <nsubj mi <obj oral	['kdo <nsubj', 'mi <obj', 'oral']	S	O	V	SOV
kdo <nsubj opeva >obj šolstvo	['kdo <nsubj', 'opeva', '>obj šolstvo']	S	V	O	SVO
kdo <nsubj pobiral >obj hrošče	['kdo <nsubj', 'pobiral', '>obj hrošče']	S	V	O	SVO
kdo <nsubj pripeljal >obj jo	['kdo <nsubj', 'pripeljal', '>obj jo']	S	V	O	SVO
kdo <nsubj spomni >obj skupine	['kdo <nsubj', 'spomni', '>obj skupine']	S	V	O	SVO
kdo <nsubj sprejemal >obj ljudi	['kdo <nsubj', 'sprejemal', '>obj ljudi']	S	V	O	SVO
kdo <nsubj te <obj peljal	['kdo <nsubj', 'te <obj', 'peljal']	S	O	V	SOV
kdo <nsubj vodi >obj to	['kdo <nsubj', 'vodi', '>obj to']	S	V	O	SVO
kdor <nsubj reklamo <obj poslal	['kdor <nsubj', 'reklamo <obj', 'poslal']	S	O	V	SOV
ker <obj jaz <nsubj naredim	['ker <obj', 'jaz <nsubj', 'naredim']	O	S	V	OSV
kmetje <nsubj nimajo >obj sredstev	['kmetje <nsubj', 'nimajo', '>obj sredstev']	S	V	O	SVO
kmetje <nsubj tega <obj nimajo	['kmetje <nsubj', 'tega <obj', 'nimajo']	S	O	V	SOV
kmetu <obj zraste >nsubj krompir	['kmetu <obj', 'zraste', '>nsubj krompir']	O	V	S	OVS
kolegica <nsubj to <obj zbrala	['kolegica <nsubj', 'to <obj', 'zbrala']	S	O	V	SOV
komisija <nsubj kaj <obj spregleda	['komisija <nsubj', 'kaj <obj', 'spregleda']	S	O	V	SOV
komisija <nsubj pravila <obj spreminjala	['komisija <nsubj', 'pravila <obj', 'spreminjala']	S	O	V	SOV
korenine <nsubj posrkajo >obj vodo	['korenine <nsubj', 'posrkajo', '>obj vodo']	S	V	O	SVO
korona <nsubj naredila >obj svoje	['korona <nsubj', 'naredila', '>obj svoje']	S	V	O	SVO
korona <nsubj nas <obj postavila	['korona <nsubj', 'nas <obj', 'postavila']	S	O	V	SOV
korona <nsubj prinesla >obj izkušnje	['korona <nsubj', 'prinesla', '>obj izkušnje']	S	V	O	SVO
kralj <nsubj boji >obj nasledstva	['kralj <nsubj', 'boji', '>obj nasledstva']	S	V	O	SVO
kriza <nsubj dala >obj poduk	['kriza <nsubj', 'dala', '>obj poduk']	S	V	O	SVO
kvintet <nsubj glasbo <obj približal	['kvintet <nsubj', 'glasbo <obj', 'približal']	S	O	V	SOV
lioni <nsubj delimo >obj poslanstvo	['lioni <nsubj', 'delimo', '>obj poslanstvo']	S	V	O	SVO
ljudje <nsubj bruhajo >obj živo	['ljudje <nsubj', 'bruhajo', '>obj živo']	S	V	O	SVO
ljudje <nsubj pijejo >obj pijačo	['ljudje <nsubj', 'pijejo', '>obj pijačo']	S	V	O	SVO
ljudje <nsubj shranjujejo >obj navade	['ljudje <nsubj', 'shranjujejo', '>obj navade']	S	V	O	SVO
ljudje <nsubj spominjajo >obj časov	['ljudje <nsubj', 'spominjajo', '>obj časov']	S	V	O	SVO
ljudje <nsubj spomnili >obj mladosti	['ljudje <nsubj', 'spomnili', '>obj mladosti']	S	V	O	SVO
ljudje <nsubj spreminjajo >obj karakter	['ljudje <nsubj', 'spreminjajo', '>obj karakter']	S	V	O	SVO
mama <nsubj Tamiflu <obj dala	['mama <nsubj', 'Tamiflu <obj', 'dala']	S	O	V	SOV
marsikdo <nsubj pozitivnost <obj prenaša	['marsikdo <nsubj', 'pozitivnost <obj', 'prenaša']	S	O	V	SOV
marsikdo <nsubj vzame >obj kredit	['marsikdo <nsubj', 'vzame', '>obj kredit']	S	V	O	SVO
marsikdo <nsubj zavida >obj Slovenijo	['marsikdo <nsubj', 'zavida', '>obj Slovenijo']	S	V	O	SVO
mati <nsubj televizijo <obj gledata	['mati <nsubj', 'televizijo <obj', 'gledata']	S	O	V	SOV
me <obj Radiotelevizija <nsubj poslala	['me <obj', 'Radiotelevizija <nsubj', 'poslala']	O	S	V	OSV
me <obj ambasada <nsubj zaščiti	['me <obj', 'ambasada <nsubj', 'zaščiti']	O	S	V	OSV
me <obj ona <nsubj odpeljala	['me <obj', 'ona <nsubj', 'odpeljala']	O	S	V	OSV
me <obj ona <nsubj spoznala	['me <obj', 'ona <nsubj', 'spoznala']	O	S	V	OSV
me <obj policija <nsubj odžene	['me <obj', 'policija <nsubj', 'odžene']	O	S	V	OSV
me <obj pot <nsubj peljala	['me <obj', 'pot <nsubj', 'peljala']	O	S	V	OSV
me <obj pot <nsubj vodila	['me <obj', 'pot <nsubj', 'vodila']	O	S	V	OSV
me <obj sedemsto <nsubj žulilo	['me <obj', 'sedemsto <nsubj', 'žulilo']	O	S	V	OSV
me <obj starši <nsubj zaznamovali	['me <obj', 'starši <nsubj', 'zaznamovali']	O	S	V	OSV
me <obj zanima >nsubj ekonomija	['me <obj', 'zanima', '>nsubj ekonomija']	O	V	S	OVS
medaljo <obj dobil >nsubj občan	['medaljo <obj', 'dobil', '>nsubj občan']	O	V	S	OVS
mene <obj bilo >nsubj sram	['mene <obj', 'bilo', '>nsubj sram']	O	V	S	OVS
mene <obj boli >nsubj oblikovanje	['mene <obj', 'boli', '>nsubj oblikovanje']	O	V	S	OVS
meni <obj je >nsubj to	['meni <obj', 'je', '>nsubj to']	O	V	S	OVS
meni <obj pletenki <nsubj sunile	['meni <obj', 'pletenki <nsubj', 'sunile']	O	S	V	OSV
meni <obj so >nsubj stili	['meni <obj', 'so', '>nsubj stili']	O	V	S	OVS
meni <obj to <nsubj prišlo	['meni <obj', 'to <nsubj', 'prišlo']	O	S	V	OSV
meni <obj zdelo >nsubj poklic	['meni <obj', 'zdelo', '>nsubj poklic']	O	V	S	OVS
mi <nsubj dali >obj ime	['mi <nsubj', 'dali', '>obj ime']	S	V	O	SVO
mi <nsubj dobili >obj sadje	['mi <nsubj', 'dobili', '>obj sadje']	S	V	O	SVO
mi <nsubj dobili >obj sporočilo	['mi <nsubj', 'dobili', '>obj sporočilo']	S	V	O	SVO
mi <nsubj imamo >obj dejavnosti	['mi <nsubj', 'imamo', '>obj dejavnosti']	S	V	O	SVO
mi <nsubj imamo >obj pravico	['mi <nsubj', 'imamo', '>obj pravico']	S	V	O	SVO
mi <nsubj imamo >obj štiri	['mi <nsubj', 'imamo', '>obj štiri']	S	V	O	SVO
mi <nsubj imeli >obj kulturo	['mi <nsubj', 'imeli', '>obj kulturo']	S	V	O	SVO
mi <nsubj imeli >obj ugotovitev	['mi <nsubj', 'imeli', '>obj ugotovitev']	S	V	O	SVO
mi <nsubj intenzivirali >obj obnavljanje	['mi <nsubj', 'intenzivirali', '>obj obnavljanje']	S	V	O	SVO
mi <nsubj jih <obj imamo	['mi <nsubj', 'jih <obj', 'imamo']	S	O	V	SOV
mi <nsubj kakšno <obj napisale	['mi <nsubj', 'kakšno <obj', 'napisale']	S	O	V	SOV
mi <nsubj nič <obj naredili	['mi <nsubj', 'nič <obj', 'naredili']	S	O	V	SOV
mi <nsubj obiskali >obj Malto	['mi <nsubj', 'obiskali', '>obj Malto']	S	V	O	SVO
mi <nsubj ogrejemo >obj mišice	['mi <nsubj', 'ogrejemo', '>obj mišice']	S	V	O	SVO
mi <nsubj podarimo >obj darila	['mi <nsubj', 'podarimo', '>obj darila']	S	V	O	SVO
mi <nsubj pogoja <obj postavili	['mi <nsubj', 'pogoja <obj', 'postavili']	S	O	V	SOV
mi <nsubj pogrešamo >obj smelost	['mi <nsubj', 'pogrešamo', '>obj smelost']	S	V	O	SVO
mi <nsubj pogrešamo >obj to	['mi <nsubj', 'pogrešamo', '>obj to']	S	V	O	SVO
mi <nsubj ponovili >obj tisto	['mi <nsubj', 'ponovili', '>obj tisto']	S	V	O	SVO
mi <nsubj predlagamo >obj imena	['mi <nsubj', 'predlagamo', '>obj imena']	S	V	O	SVO
mi <nsubj rotirali >obj število	['mi <nsubj', 'rotirali', '>obj število']	S	V	O	SVO
mi <nsubj slišali >obj Utwo	['mi <nsubj', 'slišali', '>obj Utwo']	S	V	O	SVO
mi <nsubj smo >obj procent	['mi <nsubj', 'smo', '>obj procent']	S	V	O	SVO
mi <nsubj stališče <obj podali	['mi <nsubj', 'stališče <obj', 'podali']	S	O	V	SOV
mi <nsubj ti <obj napravimo	['mi <nsubj', 'ti <obj', 'napravimo']	S	O	V	SOV
mi <nsubj to <obj objavimo	['mi <nsubj', 'to <obj', 'objavimo']	S	O	V	SOV
mi <nsubj to <obj želeli	['mi <nsubj', 'to <obj', 'želeli']	S	O	V	SOV
mi <nsubj višino <obj določamo	['mi <nsubj', 'višino <obj', 'določamo']	S	O	V	SOV
mi <nsubj čuvava >obj ovce	['mi <nsubj', 'čuvava', '>obj ovce']	S	V	O	SVO
mi <obj bil >nsubj obisk	['mi <obj', 'bil', '>nsubj obisk']	O	V	S	OVS
mi <obj bila >nsubj glasba	['mi <obj', 'bila', '>nsubj glasba']	O	V	S	OVS
mi <obj bila >nsubj knjiga	['mi <obj', 'bila', '>nsubj knjiga']	O	V	S	OVS
mi <obj bila >nsubj nadaljevanka	['mi <obj', 'bila', '>nsubj nadaljevanka']	O	V	S	OVS
mi <obj bili >nsubj ljudje	['mi <obj', 'bili', '>nsubj ljudje']	O	V	S	OVS
mi <obj bilo >nsubj mesto	['mi <obj', 'bilo', '>nsubj mesto']	O	V	S	OVS
mi <obj brodica <nsubj odpirala	['mi <obj', 'brodica <nsubj', 'odpirala']	O	S	V	OSV
mi <obj diši >nsubj novinarstvo	['mi <obj', 'diši', '>nsubj novinarstvo']	O	V	S	OVS
mi <obj je >nsubj Dalmacija	['mi <obj', 'je', '>nsubj Dalmacija']	O	V	S	OVS
mi <obj je >nsubj delo	['mi <obj', 'je', '>nsubj delo']	O	V	S	OVS
mi <obj je >nsubj glasba	['mi <obj', 'je', '>nsubj glasba']	O	V	S	OVS
mi <obj je >nsubj kmet	['mi <obj', 'je', '>nsubj kmet']	O	V	S	OVS
mi <obj je >nsubj kuhinja	['mi <obj', 'je', '>nsubj kuhinja']	O	V	S	OVS
mi <obj je >nsubj lokacija	['mi <obj', 'je', '>nsubj lokacija']	O	V	S	OVS
mi <obj je >nsubj predmeta	['mi <obj', 'je', '>nsubj predmeta']	O	V	S	OVS
mi <obj je >nsubj predolgčas	['mi <obj', 'je', '>nsubj predolgčas']	O	V	S	OVS
mi <obj komisija <nsubj spreminjala	['mi <obj', 'komisija <nsubj', 'spreminjala']	O	S	V	OSV
mi <obj ljudi <nsubj čestita	['mi <obj', 'ljudi <nsubj', 'čestita']	O	S	V	OSV
mi <obj manjka >nsubj nekaj	['mi <obj', 'manjka', '>nsubj nekaj']	O	V	S	OVS
mi <obj medijska <nsubj odpeljalo	['mi <obj', 'medijska <nsubj', 'odpeljalo']	O	S	V	OSV
mi <obj nič <nsubj da	['mi <obj', 'nič <nsubj', 'da']	O	S	V	OSV
mi <obj paše >nsubj balboa	['mi <obj', 'paše', '>nsubj balboa']	O	V	S	OVS
mi <obj prikrila >nsubj starša	['mi <obj', 'prikrila', '>nsubj starša']	O	V	S	OVS
mi <obj prišel >nsubj oni	['mi <obj', 'prišel', '>nsubj oni']	O	V	S	OVS
mi <obj svet <nsubj podrl	['mi <obj', 'svet <nsubj', 'podrl']	O	S	V	OSV
mi <obj zdi >nsubj folk	['mi <obj', 'zdi', '>nsubj folk']	O	V	S	OVS
mi <obj zdi >nsubj pot	['mi <obj', 'zdi', '>nsubj pot']	O	V	S	OVS
mi <obj študij <nsubj bil	['mi <obj', 'študij <nsubj', 'bil']	O	S	V	OSV
midva <nsubj izmeno <obj razdeliva	['midva <nsubj', 'izmeno <obj', 'razdeliva']	S	O	V	SOV
ministrstvo <nsubj problema <obj naslovilo	['ministrstvo <nsubj', 'problema <obj', 'naslovilo']	S	O	V	SOV
mladi <nsubj gledajo >obj govornika	['mladi <nsubj', 'gledajo', '>obj govornika']	S	V	O	SVO
modul <nsubj ima >obj vsebine	['modul <nsubj', 'ima', '>obj vsebine']	S	V	O	SVO
motor <nsubj ima >obj izkoristek	['motor <nsubj', 'ima', '>obj izkoristek']	S	V	O	SVO
motor <nsubj ima >obj izkoristke	['motor <nsubj', 'ima', '>obj izkoristke']	S	V	O	SVO
moški <nsubj ga <obj imajo	['moški <nsubj', 'ga <obj', 'imajo']	S	O	V	SOV
moški <nsubj imajo >obj naramnice	['moški <nsubj', 'imajo', '>obj naramnice']	S	V	O	SVO
možje <nsubj to <obj naredijo	['možje <nsubj', 'to <obj', 'naredijo']	S	O	V	SOV
mu <obj mnogi <nsubj pravijo	['mu <obj', 'mnogi <nsubj', 'pravijo']	O	S	V	OSV
mu <obj to <nsubj odšteje	['mu <obj', 'to <nsubj', 'odšteje']	O	S	V	OSV
na <obj prod <nsubj opozarja	['na <obj', 'prod <nsubj', 'opozarja']	O	S	V	OSV
nadgradil >nsubj jaz >obj kolumne	['nadgradil', '>nsubj jaz', '>obj kolumne']	V	S	O	VSO
najdejo >nsubj bolniki >obj odgovorov	['najdejo', '>nsubj bolniki', '>obj odgovorov']	V	S	O	VSO
nam <obj pomagajo >nsubj odrasli	['nam <obj', 'pomagajo', '>nsubj odrasli']	O	V	S	OVS
nam <obj ponavlja >nsubj scenarij	['nam <obj', 'ponavlja', '>nsubj scenarij']	O	V	S	OVS
nam <obj preostane >nsubj to	['nam <obj', 'preostane', '>nsubj to']	O	V	S	OVS
nam <obj prihajajo >nsubj prostovoljci	['nam <obj', 'prihajajo', '>nsubj prostovoljci']	O	V	S	OVS
nam <obj prišli >nsubj sestri	['nam <obj', 'prišli', '>nsubj sestri']	O	V	S	OVS
nam <obj strokovnjaki <nsubj stojijo	['nam <obj', 'strokovnjaki <nsubj', 'stojijo']	O	S	V	OSV
nam <obj to <nsubj igra	['nam <obj', 'to <nsubj', 'igra']	O	S	V	OSV
nama <obj bila >nsubj Sicilija	['nama <obj', 'bila', '>nsubj Sicilija']	O	V	S	OVS
nama <obj ušlo >nsubj tole	['nama <obj', 'ušlo', '>nsubj tole']	O	V	S	OVS
napadalec <nsubj imel >obj priložnost	['napadalec <nsubj', 'imel', '>obj priložnost']	S	V	O	SVO
nas <obj povezale >nsubj vezi	['nas <obj', 'povezale', '>nsubj vezi']	O	V	S	OVS
nas <obj preplavile >nsubj prijave	['nas <obj', 'preplavile', '>nsubj prijave']	O	V	S	OVS
nas <obj to <nsubj jezi	['nas <obj', 'to <nsubj', 'jezi']	O	S	V	OSV
nas <obj čaka >nsubj dela	['nas <obj', 'čaka', '>nsubj dela']	O	V	S	OVS
nas <obj čaka >nsubj korakov	['nas <obj', 'čaka', '>nsubj korakov']	O	V	S	OVS
naselja <obj občine <nsubj tolerirale	['naselja <obj', 'občine <nsubj', 'tolerirale']	O	S	V	OSV
nastopajočih <nsubj oživlja >obj predstavo	['nastopajočih <nsubj', 'oživlja', '>obj predstavo']	S	V	O	SVO
navade <nsubj otrokom <obj spremenile	['navade <nsubj', 'otrokom <obj', 'spremenile']	S	O	V	SOV
navade <nsubj otrokom <obj ustrezajo	['navade <nsubj', 'otrokom <obj', 'ustrezajo']	S	O	V	SOV
navdušila >obj me >nsubj sodelavka	['navdušila', '>obj me', '>nsubj sodelavka']	V	O	S	VOS
načrte <obj prekinil >nsubj napad	['načrte <obj', 'prekinil', '>nsubj napad']	O	V	S	OVS
načrte <obj prekrižala >nsubj korona	['načrte <obj', 'prekrižala', '>nsubj korona']	O	V	S	OVS
ne <obj pravi >nsubj poslušalka	['ne <obj', 'pravi', '>nsubj poslušalka']	O	V	S	OVS
ne <obj pravijo >nsubj Koper	['ne <obj', 'pravijo', '>nsubj Koper']	O	V	S	OVS
nekaj <obj bi >nsubj jaz	['nekaj <obj', 'bi', '>nsubj jaz']	O	V	S	OVS
nekaj <obj država <nsubj dala	['nekaj <obj', 'država <nsubj', 'dala']	O	S	V	OSV
nekatere <nsubj ga <obj uvedle	['nekatere <nsubj', 'ga <obj', 'uvedle']	S	O	V	SOV
nekateri <nsubj izbrali >obj življenje	['nekateri <nsubj', 'izbrali', '>obj življenje']	S	V	O	SVO
nekateri <nsubj mi <obj pišejo	['nekateri <nsubj', 'mi <obj', 'pišejo']	S	O	V	SOV
nekateri <nsubj palačinke <obj nadenejo	['nekateri <nsubj', 'palačinke <obj', 'nadenejo']	S	O	V	SOV
nekateri <nsubj uporabljajo >obj oblačila	['nekateri <nsubj', 'uporabljajo', '>obj oblačila']	S	V	O	SVO
nekdo <nsubj mi <obj kosi	['nekdo <nsubj', 'mi <obj', 'kosi']	S	O	V	SOV
nekdo <nsubj povedal >obj kroženje	['nekdo <nsubj', 'povedal', '>obj kroženje']	S	V	O	SVO
nima >nsubj on >obj službe	['nima', '>nsubj on', '>obj službe']	V	S	O	VSO
nimam >obj živcev >nsubj jaz	['nimam', '>obj živcev', '>nsubj jaz']	V	O	S	VOS
njemu <obj to <nsubj uspelo	['njemu <obj', 'to <nsubj', 'uspelo']	O	S	V	OSV
njihov <nsubj nič <obj znal	['njihov <nsubj', 'nič <obj', 'znal']	S	O	V	SOV
noben <nsubj ni >obj nič	['noben <nsubj', 'ni', '>obj nič']	S	V	O	SVO
nogomet <nsubj doživljal >obj pretrese	['nogomet <nsubj', 'doživljal', '>obj pretrese']	S	V	O	SVO
obeta >obj nam >nsubj lepega	['obeta', '>obj nam', '>nsubj lepega']	V	O	S	VOS
obleko <obj jaz <nsubj imela	['obleko <obj', 'jaz <nsubj', 'imela']	O	S	V	OSV
obliži <nsubj spodbudijo >obj željo	['obliži <nsubj', 'spodbudijo', '>obj željo']	S	V	O	SVO
območje <obj mi <nsubj slišimo	['območje <obj', 'mi <nsubj', 'slišimo']	O	S	V	OSV
oddelka <nsubj zmogla >obj tega	['oddelka <nsubj', 'zmogla', '>obj tega']	S	V	O	SVO
okoliščine <nsubj spremenile >obj načrt	['okoliščine <nsubj', 'spremenile', '>obj načrt']	S	V	O	SVO
okolju <obj botroval >nsubj avto	['okolju <obj', 'botroval', '>nsubj avto']	O	V	S	OVS
on <nsubj ima >obj ljudi	['on <nsubj', 'ima', '>obj ljudi']	S	V	O	SVO
on <nsubj imel >obj sos	['on <nsubj', 'imel', '>obj sos']	S	V	O	SVO
on <nsubj kupil >obj kamion	['on <nsubj', 'kupil', '>obj kamion']	S	V	O	SVO
on <nsubj mene <obj spraševal	['on <nsubj', 'mene <obj', 'spraševal']	S	O	V	SOV
on <nsubj meni <obj pokazal	['on <nsubj', 'meni <obj', 'pokazal']	S	O	V	SOV
on <nsubj poiskal >obj zatočišče	['on <nsubj', 'poiskal', '>obj zatočišče']	S	V	O	SVO
on <nsubj povrnil >obj pridelek	['on <nsubj', 'povrnil', '>obj pridelek']	S	V	O	SVO
on <nsubj pripravi >obj školjke	['on <nsubj', 'pripravi', '>obj školjke']	S	V	O	SVO
on <nsubj tega <obj ni	['on <nsubj', 'tega <obj', 'ni']	S	O	V	SOV
on <nsubj uporabljal >obj material	['on <nsubj', 'uporabljal', '>obj material']	S	V	O	SVO
on <nsubj zgradi >obj bivališče	['on <nsubj', 'zgradi', '>obj bivališče']	S	V	O	SVO
ona <nsubj ima >obj srce	['ona <nsubj', 'ima', '>obj srce']	S	V	O	SVO
ona <nsubj izgubi >obj občutek	['ona <nsubj', 'izgubi', '>obj občutek']	S	V	O	SVO
ona <nsubj jih <obj nima	['ona <nsubj', 'jih <obj', 'nima']	S	O	V	SOV
ona <nsubj jo <obj živi	['ona <nsubj', 'jo <obj', 'živi']	S	O	V	SOV
ona <nsubj kartuše <obj nalimala	['ona <nsubj', 'kartuše <obj', 'nalimala']	S	O	V	SOV
ona <nsubj me <obj klicala	['ona <nsubj', 'me <obj', 'klicala']	S	O	V	SOV
ona <nsubj me <obj zgrabila	['ona <nsubj', 'me <obj', 'zgrabila']	S	O	V	SOV
ona <nsubj nima >obj nič	['ona <nsubj', 'nima', '>obj nič']	S	V	O	SVO
ona <nsubj povzročila >obj umore	['ona <nsubj', 'povzročila', '>obj umore']	S	V	O	SVO
ona <nsubj razume >obj slovensko	['ona <nsubj', 'razume', '>obj slovensko']	S	V	O	SVO
ona <nsubj zobke <obj prala	['ona <nsubj', 'zobke <obj', 'prala']	S	O	V	SOV
onadva <nsubj rabita >obj ure	['onadva <nsubj', 'rabita', '>obj ure']	S	V	O	SVO
onadva <nsubj to <obj videla	['onadva <nsubj', 'to <obj', 'videla']	S	O	V	SOV
oni <nsubj imajo >obj podjetje	['oni <nsubj', 'imajo', '>obj podjetje']	S	V	O	SVO
oni <nsubj imajo >obj proge	['oni <nsubj', 'imajo', '>obj proge']	S	V	O	SVO
oni <nsubj izvabili >obj resnico	['oni <nsubj', 'izvabili', '>obj resnico']	S	V	O	SVO
oni <nsubj to <obj kupili	['oni <nsubj', 'to <obj', 'kupili']	S	O	V	SOV
oni <nsubj uničili >obj besedo	['oni <nsubj', 'uničili', '>obj besedo']	S	V	O	SVO
oni <nsubj učijo >obj treniranja	['oni <nsubj', 'učijo', '>obj treniranja']	S	V	O	SVO
oni <nsubj vzeli >obj to	['oni <nsubj', 'vzeli', '>obj to']	S	V	O	SVO
opozicija <nsubj dala >obj mir	['opozicija <nsubj', 'dala', '>obj mir']	S	V	O	SVO
opuščanje <nsubj pomeni >obj učinkovitost	['opuščanje <nsubj', 'pomeni', '>obj učinkovitost']	S	V	O	SVO
organizacije <nsubj podpirale >obj pravico	['organizacije <nsubj', 'podpirale', '>obj pravico']	S	V	O	SVO
organizator <nsubj pogreša >obj podporo	['organizator <nsubj', 'pogreša', '>obj podporo']	S	V	O	SVO
otroci <nsubj dobijo >obj pogoje	['otroci <nsubj', 'dobijo', '>obj pogoje']	S	V	O	SVO
otroci <nsubj dobijo >obj priložnosti	['otroci <nsubj', 'dobijo', '>obj priložnosti']	S	V	O	SVO
otroci <nsubj nimajo >obj moke	['otroci <nsubj', 'nimajo', '>obj moke']	S	V	O	SVO
otroci <nsubj ponavljajo >obj vzorec	['otroci <nsubj', 'ponavljajo', '>obj vzorec']	S	V	O	SVO
otrok <nsubj dal >obj ime	['otrok <nsubj', 'dal', '>obj ime']	S	V	O	SVO
oča <nsubj krave <obj pasli	['oča <nsubj', 'krave <obj', 'pasli']	S	O	V	SOV
oče <nsubj ve >obj tisto	['oče <nsubj', 've', '>obj tisto']	S	V	O	SVO
pesmi <nsubj vključujejo >obj besede	['pesmi <nsubj', 'vključujejo', '>obj besede']	S	V	O	SVO
pik <nsubj nam <obj sfali	['pik <nsubj', 'nam <obj', 'sfali']	S	O	V	SOV
pirhe <obj izdeluje >nsubj mojster	['pirhe <obj', 'izdeluje', '>nsubj mojster']	O	V	S	OVS
pirhi <nsubj predstavljajo >obj kaplje	['pirhi <nsubj', 'predstavljajo', '>obj kaplje']	S	V	O	SVO
pivo <obj bom >nsubj jaz	['pivo <obj', 'bom', '>nsubj jaz']	O	V	S	OVS
plačali >nsubj mi >obj državi	['plačali', '>nsubj mi', '>obj državi']	V	S	O	VSO
podeljujejo >nsubj napovedovalci >obj mikrofon	['podeljujejo', '>nsubj napovedovalci', '>obj mikrofon']	V	S	O	VSO
podjetja <nsubj ponujala >obj zaposlitev	['podjetja <nsubj', 'ponujala', '>obj zaposlitev']	S	V	O	SVO
pogovori <nsubj presegli >obj pričakovanja	['pogovori <nsubj', 'presegli', '>obj pričakovanja']	S	V	O	SVO
pogrešala >nsubj jaz >obj kolege	['pogrešala', '>nsubj jaz', '>obj kolege']	V	S	O	VSO
porast <nsubj predstavlja >obj zadovoljstva	['porast <nsubj', 'predstavlja', '>obj zadovoljstva']	S	V	O	SVO
poraz <nsubj okrnil >obj možnosti	['poraz <nsubj', 'okrnil', '>obj možnosti']	S	V	O	SVO
posledica <obj saniral >nsubj kongres	['posledica <obj', 'saniral', '>nsubj kongres']	O	V	S	OVS
potica <nsubj predstavlja >obj krono	['potica <nsubj', 'predstavlja', '>obj krono']	S	V	O	SVO
pozna >obj vas >nsubj Slovencev	['pozna', '>obj vas', '>nsubj Slovencev']	V	O	S	VOS
poznati >obj šolstvo >nsubj to	['poznati', '>obj šolstvo', '>nsubj to']	V	O	S	VOS
pravopis <nsubj prinesel >obj odgovore	['pravopis <nsubj', 'prinesel', '>obj odgovore']	S	V	O	SVO
predstojnik <nsubj pripravljal >obj pismo	['predstojnik <nsubj', 'pripravljal', '>obj pismo']	S	V	O	SVO
prehrana <nsubj izključuje >obj sestavine	['prehrana <nsubj', 'izključuje', '>obj sestavine']	S	V	O	SVO
prijatelji <nsubj Ople <obj pokupili	['prijatelji <nsubj', 'Ople <obj', 'pokupili']	S	O	V	SOV
prijateljica <nsubj to <obj ve	['prijateljica <nsubj', 'to <obj', 've']	S	O	V	SOV
pripada >obj staršem >nsubj pravica	['pripada', '>obj staršem', '>nsubj pravica']	V	O	S	VOS
pripravljalec <nsubj dojel >obj pomen	['pripravljalec <nsubj', 'dojel', '>obj pomen']	S	V	O	SVO
pripravljalec <nsubj nadomestilo <obj upošteval	['pripravljalec <nsubj', 'nadomestilo <obj', 'upošteval']	S	O	V	SOV
prizidek <obj želi >nsubj [name:personal]	['prizidek <obj', 'želi', '>nsubj [name:personal]']	O	V	S	OVS
procentov <nsubj ima >obj knjigo	['procentov <nsubj', 'ima', '>obj knjigo']	S	V	O	SVO
produkt <nsubj mi <obj zdi	['produkt <nsubj', 'mi <obj', 'zdi']	S	O	V	SOV
profesor <nsubj nekaj <obj šenkal	['profesor <nsubj', 'nekaj <obj', 'šenkal']	S	O	V	SOV
program <nsubj ima >obj module	['program <nsubj', 'ima', '>obj module']	S	V	O	SVO
program <nsubj obsega >obj bivanje	['program <nsubj', 'obsega', '>obj bivanje']	S	V	O	SVO
programov <obj dobil >nsubj inštitut	['programov <obj', 'dobil', '>nsubj inštitut']	O	V	S	OVS
proizvajalec <nsubj zmanjša >obj proizvodnjo	['proizvajalec <nsubj', 'zmanjša', '>obj proizvodnjo']	S	V	O	SVO
prostora <nsubj nam <obj zmanjka	['prostora <nsubj', 'nam <obj', 'zmanjka']	S	O	V	SOV
radar <nsubj naju <obj slikal	['radar <nsubj', 'naju <obj', 'slikal']	S	O	V	SOV
radio <nsubj mi <obj zdel	['radio <nsubj', 'mi <obj', 'zdel']	S	O	V	SOV
rastlina <nsubj oddaja >obj dioksid	['rastlina <nsubj', 'oddaja', '>obj dioksid']	S	V	O	SVO
rastlina <nsubj odvrže >obj vodo	['rastlina <nsubj', 'odvrže', '>obj vodo']	S	V	O	SVO
raziskave <nsubj govorijo >obj temu	['raziskave <nsubj', 'govorijo', '>obj temu']	S	V	O	SVO
reakcija <nsubj mi <obj zdi	['reakcija <nsubj', 'mi <obj', 'zdi']	S	O	V	SOV
referendum <nsubj pomeni >obj nič	['referendum <nsubj', 'pomeni', '>obj nič']	S	V	O	SVO
rečejo >obj temu >nsubj Kitajci	['rečejo', '>obj temu', '>nsubj Kitajci']	V	O	S	VOS
robot <nsubj poškoduje >obj človeka	['robot <nsubj', 'poškoduje', '>obj človeka']	S	V	O	SVO
sam <nsubj izzive <obj razvrščam	['sam <nsubj', 'izzive <obj', 'razvrščam']	S	O	V	SOV
sami <nsubj knjige <obj pišejo	['sami <nsubj', 'knjige <obj', 'pišejo']	S	O	V	SOV
scenarij <obj napisala >nsubj Desa	['scenarij <obj', 'napisala', '>nsubj Desa']	O	V	S	OVS
sebe <obj človek <nsubj naredi	['sebe <obj', 'človek <nsubj', 'naredi']	O	S	V	OSV
sem >obj mu >nsubj jaz	['sem', '>obj mu', '>nsubj jaz']	V	O	S	VOS
skupina <nsubj osvojila >obj različico	['skupina <nsubj', 'osvojila', '>obj različico']	S	V	O	SVO
skupina <nsubj pustila >obj pečat	['skupina <nsubj', 'pustila', '>obj pečat']	S	V	O	SVO
skupnost <nsubj zagotavljala >obj znesek	['skupnost <nsubj', 'zagotavljala', '>obj znesek']	S	V	O	SVO
slovenci <nsubj imamo >obj duhovnika	['slovenci <nsubj', 'imamo', '>obj duhovnika']	S	V	O	SVO
služba <nsubj vas <obj opozorila	['služba <nsubj', 'vas <obj', 'opozorila']	S	O	V	SOV
so >obj ga >nsubj vsi	['so', '>obj ga', '>nsubj vsi']	V	O	S	VOS
so >obj mi >nsubj okoliš	['so', '>obj mi', '>nsubj okoliš']	V	O	S	VOS
sonce <nsubj jih <obj greje	['sonce <nsubj', 'jih <obj', 'greje']	S	O	V	SOV
sonce <nsubj me <obj napoji	['sonce <nsubj', 'me <obj', 'napoji']	S	O	V	SOV
sosed <nsubj ima >obj sodov	['sosed <nsubj', 'ima', '>obj sodov']	S	V	O	SVO
sprejetost <nsubj dala >obj vtis	['sprejetost <nsubj', 'dala', '>obj vtis']	S	V	O	SVO
sredstvo <nsubj zadovolji >obj potrebe	['sredstvo <nsubj', 'zadovolji', '>obj potrebe']	S	V	O	SVO
starejši <nsubj posluževali >obj tega	['starejši <nsubj', 'posluževali', '>obj tega']	S	V	O	SVO
starši <nsubj imajo >obj možnost	['starši <nsubj', 'imajo', '>obj možnost']	S	V	O	SVO
starši <nsubj oddajo >obj vlogo	['starši <nsubj', 'oddajo', '>obj vlogo']	S	V	O	SVO
starši <nsubj stvari <obj pozanimajo	['starši <nsubj', 'stvari <obj', 'pozanimajo']	S	O	V	SOV
starši <obj prizadene >nsubj praksa	['starši <obj', 'prizadene', '>nsubj praksa']	O	V	S	OVS
statusi <nsubj imajo >obj prednosti	['statusi <nsubj', 'imajo', '>obj prednosti']	S	V	O	SVO
stopnja <nsubj ima >obj brezposelnost	['stopnja <nsubj', 'ima', '>obj brezposelnost']	S	V	O	SVO
strah <obj implantiral >nsubj človek	['strah <obj', 'implantiral', '>nsubj človek']	O	V	S	OVS
strokovnjaki <nsubj snemali >obj vsebine	['strokovnjaki <nsubj', 'snemali', '>obj vsebine']	S	V	O	SVO
svet <nsubj tebi <obj prilagaja	['svet <nsubj', 'tebi <obj', 'prilagaja']	S	O	V	SOV
svoboda <nsubj dobila >obj pomen	['svoboda <nsubj', 'dobila', '>obj pomen']	S	V	O	SVO
ta <nsubj ima >obj hidratov	['ta <nsubj', 'ima', '>obj hidratov']	S	V	O	SVO
ta <nsubj ima >obj kanalčke	['ta <nsubj', 'ima', '>obj kanalčke']	S	V	O	SVO
ta <nsubj imeli >obj kurišče	['ta <nsubj', 'imeli', '>obj kurišče']	S	V	O	SVO
ta <nsubj toči >obj pijačo	['ta <nsubj', 'toči', '>obj pijačo']	S	V	O	SVO
ta <nsubj zaprla >obj pot	['ta <nsubj', 'zaprla', '>obj pot']	S	V	O	SVO
tajkunov <obj ustvaril >nsubj Janez	['tajkunov <obj', 'ustvaril', '>nsubj Janez']	O	V	S	OVS
tako <obj jaz <nsubj imela	['tako <obj', 'jaz <nsubj', 'imela']	O	S	V	OSV
te <obj kdo <nsubj počil	['te <obj', 'kdo <nsubj', 'počil']	O	S	V	OSV
te <obj mi <nsubj znali	['te <obj', 'mi <nsubj', 'znali']	O	S	V	OSV
te <obj noben <nsubj sili	['te <obj', 'noben <nsubj', 'sili']	O	S	V	OSV
te <obj potegnilo >nsubj to	['te <obj', 'potegnilo', '>nsubj to']	O	V	S	OVS
te <obj teža <nsubj potegne	['te <obj', 'teža <nsubj', 'potegne']	O	S	V	OSV
te <obj to <nsubj zvilo	['te <obj', 'to <nsubj', 'zvilo']	O	S	V	OSV
tega <obj jaz <nsubj zasledim	['tega <obj', 'jaz <nsubj', 'zasledim']	O	S	V	OSV
tega <obj nihče <nsubj razumel	['tega <obj', 'nihče <nsubj', 'razumel']	O	S	V	OSV
temperatura <nsubj prevzame >obj vlogo	['temperatura <nsubj', 'prevzame', '>obj vlogo']	S	V	O	SVO
ti <nsubj imaš >obj glas	['ti <nsubj', 'imaš', '>obj glas']	S	V	O	SVO
ti <nsubj imela >obj oddajo	['ti <nsubj', 'imela', '>obj oddajo']	S	V	O	SVO
ti <nsubj kaj <obj špilaš	['ti <nsubj', 'kaj <obj', 'špilaš']	S	O	V	SOV
ti <nsubj mene <obj poklical	['ti <nsubj', 'mene <obj', 'poklical']	S	O	V	SOV
ti <nsubj napisal >obj preobleke	['ti <nsubj', 'napisal', '>obj preobleke']	S	V	O	SVO
ti <nsubj nimaš >obj glas	['ti <nsubj', 'nimaš', '>obj glas']	S	V	O	SVO
ti <nsubj nič <obj veš	['ti <nsubj', 'nič <obj', 'veš']	S	O	V	SOV
ti <nsubj pojdi >obj cd-je	['ti <nsubj', 'pojdi', '>obj cd-je']	S	V	O	SVO
ti <nsubj povedala >obj anekdoto	['ti <nsubj', 'povedala', '>obj anekdoto']	S	V	O	SVO
ti <nsubj rabiš >obj ime	['ti <nsubj', 'rabiš', '>obj ime']	S	V	O	SVO
ti <nsubj si >obj to	['ti <nsubj', 'si', '>obj to']	S	V	O	SVO
ti <nsubj solato <obj naredil	['ti <nsubj', 'solato <obj', 'naredil']	S	O	V	SOV
ti <nsubj to <obj seštej	['ti <nsubj', 'to <obj', 'seštej']	S	O	V	SOV
ti <nsubj to <obj veš	['ti <nsubj', 'to <obj', 'veš']	S	O	V	SOV
ti <nsubj to <obj zastopiš	['ti <nsubj', 'to <obj', 'zastopiš']	S	O	V	SOV
ti <nsubj uničil >obj besedo	['ti <nsubj', 'uničil', '>obj besedo']	S	V	O	SVO
ti <nsubj črejvle <obj videli	['ti <nsubj', 'črejvle <obj', 'videli']	S	O	V	SOV
ti <obj bom >nsubj jaz	['ti <obj', 'bom', '>nsubj jaz']	O	V	S	OVS
ti <obj borta >nsubj nekdo	['ti <obj', 'borta', '>nsubj nekdo']	O	V	S	OVS
ti <obj je >nsubj [name:personal]	['ti <obj', 'je', '>nsubj [name:personal]']	O	V	S	OVS
ti <obj je >nsubj ena	['ti <obj', 'je', '>nsubj ena']	O	V	S	OVS
ti <obj kaj <nsubj ostalo	['ti <obj', 'kaj <nsubj', 'ostalo']	O	S	V	OSV
ti <obj odpre >nsubj širina	['ti <obj', 'odpre', '>nsubj širina']	O	V	S	OVS
ti <obj prikaže >nsubj Grčija	['ti <obj', 'prikaže', '>nsubj Grčija']	O	V	S	OVS
ti <obj splača >nsubj stran	['ti <obj', 'splača', '>nsubj stran']	O	V	S	OVS
ti <obj spremeni >nsubj način	['ti <obj', 'spremeni', '>nsubj način']	O	V	S	OVS
ti <obj to <nsubj škodovalo	['ti <obj', 'to <nsubj', 'škodovalo']	O	S	V	OSV
ti <obj zvoni >nsubj telefon	['ti <obj', 'zvoni', '>nsubj telefon']	O	V	S	OVS
ti <obj šef <nsubj prinese	['ti <obj', 'šef <nsubj', 'prinese']	O	S	V	OSV
tisti <nsubj dobijo >obj denar	['tisti <nsubj', 'dobijo', '>obj denar']	S	V	O	SVO
tisti <nsubj ima >obj otroka	['tisti <nsubj', 'ima', '>obj otroka']	S	V	O	SVO
tisti <nsubj imel >obj službo	['tisti <nsubj', 'imel', '>obj službo']	S	V	O	SVO
tisti <nsubj imeli >obj nič	['tisti <nsubj', 'imeli', '>obj nič']	S	V	O	SVO
tisti <nsubj imeli >obj sreče	['tisti <nsubj', 'imeli', '>obj sreče']	S	V	O	SVO
tisti <nsubj to <obj dela	['tisti <nsubj', 'to <obj', 'dela']	S	O	V	SOV
tisto <nsubj dela >obj projektov	['tisto <nsubj', 'dela', '>obj projektov']	S	V	O	SVO
to <nsubj da >obj gostoto	['to <nsubj', 'da', '>obj gostoto']	S	V	O	SVO
to <nsubj ima >obj dejstvo	['to <nsubj', 'ima', '>obj dejstvo']	S	V	O	SVO
to <nsubj imelo >obj učinka	['to <nsubj', 'imelo', '>obj učinka']	S	V	O	SVO
to <nsubj imelo >obj vpliv	['to <nsubj', 'imelo', '>obj vpliv']	S	V	O	SVO
to <nsubj mi <obj hodi	['to <nsubj', 'mi <obj', 'hodi']	S	O	V	SOV
to <nsubj mi <obj splača	['to <nsubj', 'mi <obj', 'splača']	S	O	V	SOV
to <nsubj mi <obj šlo	['to <nsubj', 'mi <obj', 'šlo']	S	O	V	SOV
to <nsubj nudi >obj možnost	['to <nsubj', 'nudi', '>obj možnost']	S	V	O	SVO
to <nsubj obsega >obj čiščenje	['to <nsubj', 'obsega', '>obj čiščenje']	S	V	O	SVO
to <nsubj olajšalo >obj dan	['to <nsubj', 'olajšalo', '>obj dan']	S	V	O	SVO
to <nsubj pomeni >obj nič	['to <nsubj', 'pomeni', '>obj nič']	S	V	O	SVO
to <nsubj pomeni >obj pediatrične	['to <nsubj', 'pomeni', '>obj pediatrične']	S	V	O	SVO
to <nsubj pomeni >obj procentov	['to <nsubj', 'pomeni', '>obj procentov']	S	V	O	SVO
to <nsubj predstavi >obj delu	['to <nsubj', 'predstavi', '>obj delu']	S	V	O	SVO
to <nsubj predstavlja >obj del	['to <nsubj', 'predstavlja', '>obj del']	S	V	O	SVO
to <nsubj prinese >obj kup	['to <nsubj', 'prinese', '>obj kup']	S	V	O	SVO
to <nsubj reče >obj tem	['to <nsubj', 'reče', '>obj tem']	S	V	O	SVO
to <nsubj vzbudilo >obj cirkus	['to <nsubj', 'vzbudilo', '>obj cirkus']	S	V	O	SVO
to <nsubj vzbuja >obj skrbi	['to <nsubj', 'vzbuja', '>obj skrbi']	S	V	O	SVO
to <nsubj zbuja >obj negodovanje	['to <nsubj', 'zbuja', '>obj negodovanje']	S	V	O	SVO
to <nsubj šlo >obj poti	['to <nsubj', 'šlo', '>obj poti']	S	V	O	SVO
to <nsubj šole <obj spodbudilo	['to <nsubj', 'šole <obj', 'spodbudilo']	S	O	V	SOV
to <obj [name:personal] <nsubj rekla	['to <obj', '[name:personal] <nsubj', 'rekla']	O	S	V	OSV
to <obj določa >nsubj pravopis	['to <obj', 'določa', '>nsubj pravopis']	O	V	S	OVS
to <obj ima >nsubj fakulteta	['to <obj', 'ima', '>nsubj fakulteta']	O	V	S	OVS
to <obj imajo >nsubj trekingi	['to <obj', 'imajo', '>nsubj trekingi']	O	V	S	OVS
to <obj jaz <nsubj dobila	['to <obj', 'jaz <nsubj', 'dobila']	O	S	V	OSV
to <obj jaz <nsubj naredil	['to <obj', 'jaz <nsubj', 'naredil']	O	S	V	OSV
to <obj jaz <nsubj nisem	['to <obj', 'jaz <nsubj', 'nisem']	O	S	V	OSV
to <obj jaz <nsubj plačeval	['to <obj', 'jaz <nsubj', 'plačeval']	O	S	V	OSV
to <obj mi <nsubj poudarjamo	['to <obj', 'mi <nsubj', 'poudarjamo']	O	S	V	OSV
to <obj mi <nsubj razumemo	['to <obj', 'mi <nsubj', 'razumemo']	O	S	V	OSV
to <obj mi <nsubj zaokupirali	['to <obj', 'mi <nsubj', 'zaokupirali']	O	S	V	OSV
to <obj mi <nsubj zavidamo	['to <obj', 'mi <nsubj', 'zavidamo']	O	S	V	OSV
to <obj naše <nsubj naredile	['to <obj', 'naše <nsubj', 'naredile']	O	S	V	OSV
to <obj noben <nsubj polemizira	['to <obj', 'noben <nsubj', 'polemizira']	O	S	V	OSV
to <obj ona <nsubj rekla	['to <obj', 'ona <nsubj', 'rekla']	O	S	V	OSV
to <obj opazovalec <nsubj predstavlja	['to <obj', 'opazovalec <nsubj', 'predstavlja']	O	S	V	OSV
to <obj otroci <nsubj uporabljajo	['to <obj', 'otroci <nsubj', 'uporabljajo']	O	S	V	OSV
to <obj poklic <nsubj omogoča	['to <obj', 'poklic <nsubj', 'omogoča']	O	S	V	OSV
to <obj raziskal >nsubj [name:personal]	['to <obj', 'raziskal', '>nsubj [name:personal]']	O	V	S	OVS
to <obj sem >nsubj jaz	['to <obj', 'sem', '>nsubj jaz']	O	V	S	OVS
to <obj slikar <nsubj vzel	['to <obj', 'slikar <nsubj', 'vzel']	O	S	V	OSV
to <obj vi <nsubj dobili	['to <obj', 'vi <nsubj', 'dobili']	O	S	V	OSV
to <obj vi <nsubj učili	['to <obj', 'vi <nsubj', 'učili']	O	S	V	OSV
to <obj vlada <nsubj zapisala	['to <obj', 'vlada <nsubj', 'zapisala']	O	S	V	OSV
to <obj študentke <nsubj veste	['to <obj', 'študentke <nsubj', 'veste']	O	S	V	OSV
trava <nsubj te <obj zapre	['trava <nsubj', 'te <obj', 'zapre']	S	O	V	SOV
upošteval >nsubj pripravljalec >obj to	['upošteval', '>nsubj pripravljalec', '>obj to']	V	S	O	VSO
uprava <nsubj zasluži >obj milijona	['uprava <nsubj', 'zasluži', '>obj milijona']	S	V	O	SVO
uredili >obj prevoz >nsubj tisti	['uredili', '>obj prevoz', '>nsubj tisti']	V	O	S	VOS
uveljavljali >nsubj vsi >obj pravice	['uveljavljali', '>nsubj vsi', '>obj pravice']	V	S	O	VSO
va <nsubj imela >obj vsega	['va <nsubj', 'imela', '>obj vsega']	S	V	O	SVO
vaje <obj mi <nsubj delali	['vaje <obj', 'mi <nsubj', 'delali']	O	S	V	OSV
vam <obj odprejo >nsubj primeri	['vam <obj', 'odprejo', '>nsubj primeri']	O	V	S	OVS
vam <obj piše >nsubj odstavek	['vam <obj', 'piše', '>nsubj odstavek']	O	V	S	OVS
vam <obj zdi >nsubj evro	['vam <obj', 'zdi', '>nsubj evro']	O	V	S	OVS
vam <obj zdi >nsubj frizer	['vam <obj', 'zdi', '>nsubj frizer']	O	V	S	OVS
varuhinja <nsubj obravnava >obj posameznike	['varuhinja <nsubj', 'obravnava', '>obj posameznike']	S	V	O	SVO
vas <obj maj <nsubj asociiral	['vas <obj', 'maj <nsubj', 'asociiral']	O	S	V	OSV
vas <obj nadrejeni <nsubj poslali	['vas <obj', 'nadrejeni <nsubj', 'poslali']	O	S	V	OSV
vegani <nsubj jejo >obj izdelkov	['vegani <nsubj', 'jejo', '>obj izdelkov']	S	V	O	SVO
vegani <nsubj temu <obj izogibajo	['vegani <nsubj', 'temu <obj', 'izogibajo']	S	O	V	SOV
večina <nsubj nima >obj cepljenja	['večina <nsubj', 'nima', '>obj cepljenja']	S	V	O	SVO
večina <obj nekdo <nsubj poznal	['večina <obj', 'nekdo <nsubj', 'poznal']	O	S	V	OSV
večja <nsubj bi >obj manjše	['večja <nsubj', 'bi', '>obj manjše']	S	V	O	SVO
vi <nsubj finansirali >obj razširjenega	['vi <nsubj', 'finansirali', '>obj razširjenega']	S	V	O	SVO
vi <nsubj iskali >obj cimra	['vi <nsubj', 'iskali', '>obj cimra']	S	V	O	SVO
vi <nsubj meja <obj raztegujete	['vi <nsubj', 'meja <obj', 'raztegujete']	S	O	V	SOV
vi <nsubj praznovali >obj praznike	['vi <nsubj', 'praznovali', '>obj praznike']	S	V	O	SVO
vi <nsubj rabili >obj lija	['vi <nsubj', 'rabili', '>obj lija']	S	V	O	SVO
vi <nsubj ste >obj športne	['vi <nsubj', 'ste', '>obj športne']	S	V	O	SVO
vi <nsubj to <obj opazili	['vi <nsubj', 'to <obj', 'opazili']	S	O	V	SOV
vi <nsubj to <obj popravili	['vi <nsubj', 'to <obj', 'popravili']	S	O	V	SOV
vi <nsubj vidite >obj rešitev	['vi <nsubj', 'vidite', '>obj rešitev']	S	V	O	SVO
vi <nsubj zahtevo <obj prebrali	['vi <nsubj', 'zahtevo <obj', 'prebrali']	S	O	V	SOV
vi <nsubj zapisovali >obj izraz	['vi <nsubj', 'zapisovali', '>obj izraz']	S	V	O	SVO
vi <nsubj zdravite >obj bolnike	['vi <nsubj', 'zdravite', '>obj bolnike']	S	V	O	SVO
vlada <nsubj jih <obj angažirala	['vlada <nsubj', 'jih <obj', 'angažirala']	S	O	V	SOV
vlada <nsubj naredila >obj ukrep	['vlada <nsubj', 'naredila', '>obj ukrep']	S	V	O	SVO
vladajo >nsubj ljudje >obj namestniki	['vladajo', '>nsubj ljudje', '>obj namestniki']	V	S	O	VSO
vlačila >obj nas >nsubj [name:personal]	['vlačila', '>obj nas', '>nsubj [name:personal]']	V	O	S	VOS
vlogo <obj igrali >nsubj lektorji	['vlogo <obj', 'igrali', '>nsubj lektorji']	O	V	S	OVS
vlogo <obj odigra >nsubj hobit	['vlogo <obj', 'odigra', '>nsubj hobit']	O	V	S	OVS
vložijo >nsubj starši >obj vlogo	['vložijo', '>nsubj starši', '>obj vlogo']	V	S	O	VSO
vodnik <nsubj vas <obj opozori	['vodnik <nsubj', 'vas <obj', 'opozori']	S	O	V	SOV
vprašanje <obj stroka <nsubj morala	['vprašanje <obj', 'stroka <nsubj', 'morala']	O	S	V	OSV
vrtec <nsubj upošteva >obj predpise	['vrtec <nsubj', 'upošteva', '>obj predpise']	S	V	O	SVO
vrtičkarji <nsubj imate >obj dela	['vrtičkarji <nsubj', 'imate', '>obj dela']	S	V	O	SVO
vsak <nsubj ga <obj pogledal	['vsak <nsubj', 'ga <obj', 'pogledal']	S	O	V	SOV
vsak <nsubj ima >obj sobo	['vsak <nsubj', 'ima', '>obj sobo']	S	V	O	SVO
vsak <nsubj izkazuje >obj pravico	['vsak <nsubj', 'izkazuje', '>obj pravico']	S	V	O	SVO
vsak <nsubj opravljal >obj dela	['vsak <nsubj', 'opravljal', '>obj dela']	S	V	O	SVO
vsak <nsubj poišče >obj progo	['vsak <nsubj', 'poišče', '>obj progo']	S	V	O	SVO
vsak <nsubj to <obj reče	['vsak <nsubj', 'to <obj', 'reče']	S	O	V	SOV
vsaka <nsubj organizirala >obj pohod	['vsaka <nsubj', 'organizirala', '>obj pohod']	S	V	O	SVO
vsakdo <nsubj ima >obj svoje	['vsakdo <nsubj', 'ima', '>obj svoje']	S	V	O	SVO
vsi <nsubj [name:personal] <obj bojijo	['vsi <nsubj', '[name:personal] <obj', 'bojijo']	S	O	V	SOV
vsi <nsubj ga <obj imamo	['vsi <nsubj', 'ga <obj', 'imamo']	S	O	V	SOV
vsi <nsubj imajo >obj karakterje	['vsi <nsubj', 'imajo', '>obj karakterje']	S	V	O	SVO
vsi <nsubj imamo >obj otroke	['vsi <nsubj', 'imamo', '>obj otroke']	S	V	O	SVO
zahtevnost <nsubj narekuje >obj raziskovanje	['zahtevnost <nsubj', 'narekuje', '>obj raziskovanje']	S	V	O	SVO
zahvala <nsubj gre >obj prostovoljcem	['zahvala <nsubj', 'gre', '>obj prostovoljcem']	S	V	O	SVO
zakon <nsubj določa >obj cepljenja	['zakon <nsubj', 'določa', '>obj cepljenja']	S	V	O	SVO
zakon <nsubj nima >obj zveze	['zakon <nsubj', 'nima', '>obj zveze']	S	V	O	SVO
zamisel <obj pamet <nsubj ustvarila	['zamisel <obj', 'pamet <nsubj', 'ustvarila']	O	S	V	OSV
zanimala >obj vas >nsubj novinarstvo	['zanimala', '>obj vas', '>nsubj novinarstvo']	V	O	S	VOS
zaposleni <nsubj nosijo >obj breme	['zaposleni <nsubj', 'nosijo', '>obj breme']	S	V	O	SVO
zavarovalnica <nsubj krije >obj škodo	['zavarovalnica <nsubj', 'krije', '>obj škodo']	S	V	O	SVO
zdravniki <nsubj predpisujete >obj terapije	['zdravniki <nsubj', 'predpisujete', '>obj terapije']	S	V	O	SVO
zgodil >obj nam >nsubj vdor	['zgodil', '>obj nam', '>nsubj vdor']	V	O	S	VOS
znanstveniki <nsubj odkrivajo >obj metode	['znanstveniki <nsubj', 'odkrivajo', '>obj metode']	S	V	O	SVO
znanstveniki <nsubj stvari <obj zakompliciramo	['znanstveniki <nsubj', 'stvari <obj', 'zakompliciramo']	S	O	V	SOV
čar <obj ima >nsubj radio	['čar <obj', 'ima', '>nsubj radio']	O	V	S	OVS
čka <nsubj ima >obj skupne	['čka <nsubj', 'ima', '>obj skupne']	S	V	O	SVO
človek <nsubj porabi >obj časa	['človek <nsubj', 'porabi', '>obj časa']	S	V	O	SVO
črta <nsubj razpolavlja >obj kot	['črta <nsubj', 'razpolavlja', '>obj kot']	S	V	O	SVO
Špela <nsubj isto <obj rekla	['Špela <nsubj', 'isto <obj', 'rekla']	S	O	V	SOV
Šuštar <nsubj ima >obj svoje	['Šuštar <nsubj', 'ima', '>obj svoje']	S	V	O	SVO
šole <nsubj dobile >obj informacijo	['šole <nsubj', 'dobile', '>obj informacijo']	S	V	O	SVO
šole <nsubj izvajale >obj meritve	['šole <nsubj', 'izvajale', '>obj meritve']	S	V	O	SVO
šolo <obj vi <nsubj imeli	['šolo <obj', 'vi <nsubj', 'imeli']	O	S	V	OSV
šolo <obj čaka >nsubj mediacija	['šolo <obj', 'čaka', '>nsubj mediacija']	O	V	S	OVS
številka <nsubj ti <obj hodi	['številka <nsubj', 'ti <obj', 'hodi']	S	O	V	SOV
šunka <nsubj predstavlja >obj meso	['šunka <nsubj', 'predstavlja', '>obj meso']	S	V	O	SVO
