Id	Id link	Name	Linguistic question	Area	Slovene	Value	Possible values	UD (Y/N)	STARK	STARK query	Need for STARK post-processing (Y/N)	Next step	Difficulty	Comment	Comment_Luka	UD_(Y/N)_Luka	Difficulty_Luka
1A	https://wals.info/feature/1A	Consonant Inventories	How large is the consonant inventory?	Phonology	N		Small; Moderately small; Average; Moderately large; Large	N								N	
2A	https://wals.info/feature/2A	Vowel Quality Inventories	How large is the vowel inventory in terms of quality distinctions?	Phonology	N		Small vowel inventory (2-4); Average vowel inventory (5-6); Large vowel inventory (7-14)	N								N	
3A	https://wals.info/feature/3A	Consonant-Vowel Ratio	What is the consonant-vowel ratio?	Phonology	N		Low; Moderately low; Average; Moderately high; High	N								N	
4A	https://wals.info/feature/4A	Voicing in Plosives and Fricatives	How is voicing used in plosives and fricatives?	Phonology	N		No voicing contrast; Voicing contrast in plosives alone; Voicing contrast in fricatives alone; Voicing contrast in both plosives and fricatives	N								N	
5A	https://wals.info/feature/5A	Voicing and Gaps in Plosive Systems	How is voicing and gap distribution in the plosive system?	Phonology	N		Other; /p t k b d g/; Missing /p/; Missing /g/; Both missing	N								N	
6A	https://wals.info/feature/6A	Uvular Consonants	What type of uvular consonants exist?	Phonology	N		No uvulars; Uvular stops only; Uvular continuants only; Uvular stops and continuants	N								N	
7A	https://wals.info/feature/7A	Glottalized Consonants	Which types of glottalized consonants are present?	Phonology	N		No glottalized consonants; Ejectives only; Implosives only; Glottalized resonants only; Ejectives and implosives; Ejectives and glottalized resonants; Implosives and glottalized resonants; Ejectives, implosives and glottalized resonants	N								N	
8A	https://wals.info/feature/8A	Lateral Consonants	What lateral consonants are present?	Phonology	N		No laterals; /l/, no obstruent laterals; Laterals, but no /l/, no obstruent lateral; /l/ and lateral obstruents; No /l/, but lateral obstruents	N								N	
9A	https://wals.info/feature/9A	The Velar Nasal	Is there a velar nasal in the language, and is it used initially?	Phonology	N		Velar nasal, also initially; Velar nasal, but not initially; No velar nasal	N								N	
10A	https://wals.info/feature/10A	Vowel Nasalization	How are nasal vowels contrasted?	Phonology	N		Contrastive nasal vowels present; Contrastive nasal vowels absent	N								N	
10B	https://wals.info/feature/10B	Nasal Vowels in West Africa	How is the contrast between nasal and oral vowels marked or expressed in West African languages?	Phonology	N		No nasal vs. oral vowel contrast; Two-way nasal vs. oral vowel contrast (/ṽ/ vs. /V/) without nasal spreading; Two-way nasal vs. oral vowel contrast (/ṽ/ vs. /V/) with nasal spreading; Four-way nasal vs. oral vowel contrast (/ṽ/ vs. /ṽː/ vs. /V/ vs. /Vː/) without nasal spreading; Four-way nasal vs. oral vowel contrast (/ṽ/ vs. /ṽː/ vs. /V/ vs. /Vː/) with nasal spreading	N								N	
11A	https://wals.info/feature/11A	Front Rounded Vowels	How are front rounded vowels distributed?	Phonology	N		None; High and mid; High only; Mid only	N								N	
12A	https://wals.info/feature/12A	Syllable Structure	What is the syllable structure like?	Phonology	N		Simple syllable structure; Moderately complex syllable structure; Complex syllable structure	N								N	
13A	https://wals.info/feature/13A	Tone	How complex is the tone system of the language?	Phonology	N		No tones; Simple tone system; Complex tone system	N								N	
14A	https://wals.info/feature/14A	Fixed Stress Locations	Where is stress fixed?	Phonology	Y	No fixed stress	No fixed stress (mostly weight-sensitive stress); Initial: stress is on the first syllable; Second: stress is on the second syllable; Third: stress is on the third syllable; Antepenultimate: stress is on the antepenultimate (third from the right) syllable; Penultimate: stress is on the penultimate (second from the right) syllable; Ultimate: stress is on the ultimate (last) syllable	N								N	
15A	https://wals.info/feature/15A	Weight-Sensitive Stress	How is stress determined in weight-sensitive systems?	Phonology	Y	Unbounded: Stress can be anywhere	Left-edge: stress is on the first or second syllable; Left-oriented: the third syllable is involved; Right-edge: stress on ultimate or penultimate syllable; Right-oriented: the antepenultimate is involved; Unbounded: stress can be anywhere in the word; Combined: both right-edge and unbounded; Not predictable; Fixed stress (no weight-sensitivity)	N								N	
16A	https://wals.info/feature/16A	Weight Factors in Weight-Sensitive Stress Systems	Which factors determine weight in weight-sensitive stress systems?	Phonology	Y	Prominence	No weight, or weight factor unknown; Long vowel: long vowels are heavy for stress; Coda consonant: closed syllables are heavy for stress; Long vowel + coda: long vowels or closed syllables; Prominence: other factors are heavy for stress; Lexical: lexical stress, diacritic weight; Combined: two of the above factors determine weight	N								N	
17A	https://wals.info/feature/17A	Rhythm Types	What is the rhythm type of the language?	Phonology	Y	No rhythmic stress	Trochaic: left-hand syllable in the foot is strong; Iambic: right-hand syllable in the foot is strong; Dual: system has both trochaic and iambic feet; Undetermined: no clear foot type; Absent: no rhythmic stress	N								N	
18A	https://wals.info/feature/18A	Absence of Common Consonants	Which common consonants are absent?	Phonology	N		All present; No bilabials; No fricatives; No nasals; No bilabials or nasals; No fricatives or nasals	N								N	
19A	https://wals.info/feature/19A	Presence of Uncommon Consonants	Which uncommon consonants are present?	Phonology	N		None; Clicks; Labial-velars; Pharyngeals; 'Th' sounds; Clicks, pharyngeals, and 'th'; Pharyngeals and 'th'	N								N	
20A	https://wals.info/feature/20A	Fusion of Selected Inflectional Formatives	What types of fusion of selected inflectional formatives are present in the language?	Morphology	N		Exclusively concatenative; Exclusively isolating; Exclusively tonal; Tonal/isolating; Tonal/concatenative; Ablaut/concatenative; Isolating/concatenative	N						bolj ne oz. odvisno od vrednosti, za fonološke težje		N	
21A	https://wals.info/feature/21A	Exponence of Selected Inflectional Formatives	What is the exponence of selected inflectional formatives?	Morphology	N		Monoexponential case; Case + number; Case + referentiality; Case + TAM (tense-aspect-mood); No case	Y						najbrž ja, a ne vem, kako	To najbrž ne bi šlo, ker se nanaša na posamezne morfeme, ki pa jih UD ne obravnava neodvisno od ostalih morfemov v besedi	N	
21B	https://wals.info/feature/21B	Exponence of Tense-Aspect-Mood Inflection	What is the exponence of tense-aspect-mood (TAM) inflection?	Morphology	N		Monoexponential TAM; TAM+agreement; TAM+agreement+diathesis; TAM+agreement+construct; TAM+polarity; No TAM	Y							Podobno kot 21A	N	
22A	https://wals.info/feature/22A	Inflectional Synthesis of the Verb	What is the level of inflectional synthesis of the verb?	Morphology	N		0-1 category per word; 2-3 categories per word; 4-5 categories per word; 6-7 categories per word; 8-9 categories per word; 10-11 categories per word; 12-13 categories per word	Y								N	
23A	https://wals.info/feature/23A	Locus of Marking in the Clause	What is the locus of marking in the clause?	Morphology	N		P is head-marked; P is dependent-marked; P is double-marked; P has no marking; Other types	Y						najbrž ja, a ne vem, kako	Najbrž bi lahko poiskali primere, kjer imata tako glagol kot tudi podrejeni element npr. enako lastnost Case, in podobne kombinacije, ampak ne bi bilo zanesljivega načina, kako preveriti na kaj se lastnost Case nanaša (glej npr. primer "Li ho visti arrivare all' improvviso." v italijanski ISDT drevesnici). Čisto vse torej najbrž ne bi šlo	N	
24A	https://wals.info/feature/24A	Locus of Marking in Possessive Noun Phrases	What is the locus of marking in possessive noun phrases?	Morphology	N		Possessor is head-marked; Possessor is dependent-marked; Possessor is double-marked; Possessor has no marking; Other types	Y						najbrž ja, a ne vem, kako	To bi dejansko šlo, če predpostavimo, da vsi taki relevantni jeziki uporabljajo lastnost Number[psor]	Y	moderate
25A	https://wals.info/feature/25A	Locus of Marking: Whole-language Typology	What is the locus of marking in the whole-language typology?	Morphology	N		Consistently head-marking; Consistently dependent-marking; Consistently double-marking; Consistently zero-marking; Inconsistent marking or other type	Y						najbrž ja, a ne vem, kako	Podobno kot 23A	N	
25B	https://wals.info/feature/25B	Zero Marking of A and P Arguments	Is there zero marking of A and P arguments?	Morphology	N		Zero-marking; Non-zero marking	Y						nadaljevanje 25A	Podobno kot 23A	N	
26A	https://wals.info/feature/26A	Prefixing vs. Suffixing in Inflectional Morphology	What is the balance between prefixing and suffixing in the inflectional morphology of the language?	Morphology	Y	Strongly suffixing	Little or no inflectional morphology; Predominantly suffixing; Moderate preference for suffixing; Approximately equal amounts of suffixing and prefixing; Moderate preference for prefixing; Predominantly prefixing	Y							V bistvu se mi zdi, da se samo z UD ne bi dalo pridobiti informacij o obrazilih, ker so vse oznake pripisane na ravni besede	N	
27A	https://wals.info/feature/27A	Reduplication	What types of reduplication are productive?	Morphology	N		Productive full and partial reduplication; Full reduplication only; No productive reduplication	N						not sure, bolj ne, ker deluje kompleksno		N	
28A	https://wals.info/feature/28A	Case Syncretism	What is the extent of case syncretism's inflectional case marking?	Morphology	N		Inflectional case marking is absent or minimal; Inflectional case marking is syncretic for core cases only; Inflectional case marking is syncretic for core and non-core cases; Inflectional case marking is never syncretic	Y							kot 26A	N	
29A	https://wals.info/feature/29A	Syncretism in Verbal Person/Number Marking	How is verbal person/number marking expressed?	Morphology	N		No subject person/number marking; Subject person/number marking is syncretic; Subject person/number marking is never syncretic	Y							kot 26A	N	
30A	https://wals.info/feature/30A	Number of Genders	How many genders are present?	Nominal Categories	N		None; Two; Three; Four; Five or more	Y						Gender		Y	easy
31A	https://wals.info/feature/31A	Sex-based and Non-sex-based Gender Systems	What type of gender system is present?	Nominal Categories	N		No gender system; Sex-based gender system; Non-sex-based gender system	N						tega direktno z UD brez precejšnje kasnejše ročne obdelave pomoje ni mogoče najti		N	
32A	https://wals.info/feature/32A	Systems of Gender Assignment	How are genders assigned?	Nominal Categories	N		No gender system; Semantic assignment; Semantic and formal assignment	N						tega direktno z UD brez precejšnje kasnejše ročne obdelave pomoje ni mogoče najti		N	
33A	https://wals.info/feature/33A	Coding of Nominal Plurality	How is nominal plurality coded?	Nominal Categories	Y	Plural suffix	Plural prefix; Plural suffix; Plural stem change; Plural tone; Plural by complete reduplication of stem; Morphological plural with no method primary; Plural word; Plural clitic; No plural	Y						Number	Tudi to ne bi šlo, ker je vprašanje o obrazilih	N	
34A	https://wals.info/feature/34A	Occurrence of Nominal Plurality	How frequently does nominal plurality occur?	Nominal Categories	N		No nominal plural; Plural only in human nouns, optional; Plural only in human nouns, obligatory; Plural in all nouns, always optional; Plural in all nouns, optional in inanimates; Plural in all nouns, always obligatory	N						tega direktno z UD brez precejšnje kasnejše ročne obdelave pomoje ni mogoče najti		N	
35A	https://wals.info/feature/35A	Plurality in Independent Personal Pronouns	How is plurality expressed in independent personal pronouns?	Nominal Categories	N		No independent subject pronouns; Number-indifferent pronouns; Person-number affixes; Person-number stem; Person-number stem with a pronominal plural affix; Person-number stem with a nominal plural affix; Person stem with a pronominal plural affix; Person stem with a nominal plural affix	N						začetek z Number, sicer pa bolj ne, preveč nadaljnjega dela		N	
36A	https://wals.info/feature/36A	The Associative Plural	How is the associative plural expressed?	Nominal Categories	N		Associative plural marker also used for additive plurals; Special bound associative plural marker; Special non-bound associative plural marker; Associative plural absent	N						začetek z Number, sicer pa bolj ne, preveč nadaljnjega dela		N	
37A	https://wals.info/feature/37A	Definite Articles	How does the language mark definiteness?	Nominal Categories	N		Definite word distinct from demonstrative; Demonstrative word used as marker of definiteness; Definite affix on noun; No definite article but indefinite article; Neither definite nor indefinite article	Y						PronType=Art, Definite=Def, DET -> Definite=Ind	To bi morda celo šlo s primerjanjem POS oznake besed, ki imajo oznako Definite	Y	moderate
38A	https://wals.info/feature/38A	Indefinite Articles	How does the language mark indefiniteness?	Nominal Categories	N		Indefinite word distinct from numeral for 'one'; Numeral for 'one' is used as indefinite article; Indefinite affix on noun; No indefinite article but definite article; Neither indefinite nor definite	Y						DET -> Definite=Ind, NUM -> NumType=Card	Podobno kot 37A	Y	moderate
39A	https://wals.info/feature/39A	Inclusive/Exclusive Distinction in Independent Pronouns	How does the language mark inclusive and exclusive distinctions in independent pronouns?	Nominal Categories	N		No grammaticalised marking at all; 'We' and 'I' identical; No inclusive/exclusive opposition; Only inclusive differentiated; Inclusive and exclusive differentiated	Y						PRON -> PronType=Prs, Person, Number=Sing|Plur	Nivesin komentar + oznaka Clusivity	Y	moderate
39B	https://wals.info/feature/39B	Inclusive/Exclusive Forms in Pama-Nyungan	Do Pama-Nyungan languages distinguish inclusive and exclusive forms?	Nominal Categories	N		No inclusive/exclusive opposition; Inclusive and exclusive differentiated	N						not sure, morda celo ja, ampak zelo specifično	Dejansko bi šlo z oznako Clusivity, ampak res je v zbirki UD le en jezik, ki spada v to družino (Warlpiri)	Y	easy
40A	https://wals.info/feature/40A	Inclusive/Exclusive Distinction in Verbal Inflection	How does the language mark inclusive and exclusive distinctions in independent pronouns?	Nominal Categories	N		No person marking at all; 'We' and 'I' identical; No inclusive/exclusive opposition; Only inclusive differentiated; Inclusive and exclusive differentiated	N						preveč ročnega dela	Bi šlo, Clusivity + Number pri VERB	Y	moderate
41A	https://wals.info/feature/41A	Distance Contrasts in Demonstratives	How many distance contrasts are marked in demonstratives?	Nominal Categories	N		No distance contrast; Two-way contrast; Three-way contrast; Four-way contrast; Five (or more)-way contrast	N						lahko identificirati PRON, kasneje preveč ročno	oznaka Deixis	Y	easy
42A	https://wals.info/feature/42A	Pronominal and Adnominal Demonstratives	How are pronominal and adnominal demonstratives used?	Nominal Categories	N		Same forms; Different stems; Different inflectional features	N						preveč ročnega dela in specifično za vsak jezik		N	
43A	https://wals.info/feature/43A	Third Person Pronouns and Demonstratives	What is the relationship between third person pronouns and demonstratives?	Nominal Categories	N		Third person pronouns and demonstratives are unrelated to demonstratives; Third person pronouns and demonstratives are related to all demonstratives; Third person pronouns and demonstratives are related to remote demonstratives; Third person pronouns and demonstratives are related to non-remote demonstratives; Third person pronouns and demonstratives are related by gender markers; Third person pronouns and demonstratives are related for non-human reference	N						mogoče bi se dalo začeti, sice pa izgleda kot preveč dela		N	
44A	https://wals.info/feature/44A	Gender Distinctions in Independent Personal Pronouns	How are gender distinctions expressed in personal pronouns?	Nominal Categories	N		Gender distinctions in 3rd person plus 1st and/or 2nd person; Gender distinctions in 3rd person only, but in both singular and non-singular; Gender distinctions in 3rd person singular only; Gender distinctions in 1st or 2nd person but not 3rd; Gender distinctions in 3rd person non-singular only; No gender distinctions	Y						identificirati vse osebe		Y	moderate
45A	https://wals.info/feature/45A	Politeness Distinctions in Pronouns	How are politeness distinctions encoded in pronouns?	Nominal Categories	N		Second person pronouns encode no politeness distinction; Second person pronouns encode a binary politeness distinction; Second person pronouns encode multiple politeness distinctions; Second person pronouns are dominantly avoided for politeness reasons	Y						Polite	Razen za izogibanje uporabi zaimkov, tisto je najbrž nemogoče ugotoviti s pomočjo UD	Y	moderate
46A	https://wals.info/feature/46A	Indefinite Pronouns	How are indefinite pronouns formed?	Nominal Categories	N		Interrogative-based indefinites; Generic-noun-based indefinites; Special indefinites; Mixed indefinites; Existential construction	Y						dalo bi se jih identificirati	Res bi se dalo s PronType=Dem in primerjanjem lem, ampak bi bilo precej zakomplicirano. Za eksistencialne konstrukcije najbrž sicer ne bi bilo mogoče ugotoviti.	Y	difficult
47A	https://wals.info/feature/47A	Intensifiers and Reflexive Pronouns	How are intensifiers and reflexive pronouns used?	Nominal Categories	N		Intensifiers and reflexive pronouns are formally identical; Intensifiers and reflexive pronouns are formally differentiated	Y						začetek z Reflex	Intenzifikatorji v okviru UD nimajo posebne oznake, zato jih ni mogoče avtomatsko poiskati	N	
48A	https://wals.info/feature/48A	Person Marking on Adpositions	How is person marking expressed in relation to adpositions?	Nominal Categories	N		No adpositions; Adpositions without person marking; Person marking for pronouns only; Person marking for pronouns and nouns	Y						not sure, mogoče bolj ja do neke mere	Bi šlo s Person + ADP in primerjanjem besed v okolici	Y	moderate
49A	https://wals.info/feature/49A	Number of Cases	How many morphological case categories are present?	Nominal Categories	N		No morphological case-marking; 2 case categories; 3 case categories; 4 case categories; 5 case categories; 6-7 case categories; 8-9 case categories; 10 or more case categories; Exclusively borderline morphological case-marking	Y						Case		Y	easy
50A	https://wals.info/feature/50A	Asymmetrical Case-Marking	How is case marking applied, specifically in terms of asymmetry?	Nominal Categories	N		No morphological case-marking; Symmetrical case-marking; Additive-quantitatively asymmetrical case-marking; Subtractive-quantitatively asymmetrical case-marking; Qualitatively asymmetrical case-marking; Syncretism in relevant NP-types	Y						ne tako straight-forward kot prejšnji, ampak najbrž bi se dalo vsaj začeti	Bi se dalo, ampak bi bilo ogromno dela za identifikacijo konkretnega tipa asimetrije	Y	difficult
51A	https://wals.info/feature/51A	Position of Case Affixes	Where are case affixes positioned?	Nominal Categories	Y	Case suffixes	Case suffixes; Case prefixes; Case coded by tone; Case coded by changes within noun stem; Mixed morphological case strategies with none primary; Postpositional clitics; Prepositional clitics; Inpositional clitics; Neither case affixes nor adpositional clitics	Y						prek relacije case	Za morfološko izražene sklone se ne bi dalo	N	
52A	https://wals.info/feature/52A	Comitatives and Instrumentals	How are comitatives and instrumentals expressed?	Nominal Categories	N		Identity; Differentiation; Mixed	Y						Com	vrednosti Com in Ins pri oznaki Case + iskanje relevantnih primerov	Y	moderate
53A	https://wals.info/feature/53A	Ordinal Numerals	How are ordinal numerals formed?	Nominal Categories	Y	First, second, three-th	Zero: Ordinal numerals do not exist; One: No distinction of cardinal and ordinal numerals; First: Cardinal and ordinal numerals are identical except for 'one' and 'first'; One-th: Ordinal numerals are derived from cardinal numerals; First/One-th: All ordinal numerals are derived from cardinal numerals with different allomorphs for 'first' one of which is morphologically independent of 'one'; Two-th: Ordinal numerals from 'two' upwards are derived from cardinal numerals, 'first' is suppletive; Second: 'First' and a small set of consecutive higher ordinal numerals are suppletive; Variou-th: Other solutions	N						not sure glede na connllu datoteko in podatke ob besedah	Spet gre za določanje morfemov, kar pa UD ne omogoča	N	
54A	https://wals.info/feature/54A	Distributive Numerals	How are distributive numerals expressed?	Nominal Categories	N		No distributive numerals; Marked by reduplication; Marked by prefix; Marked by suffix; Marked by preceding word; Marked by following word; Marked by mixed or other strategies	N						mogoče bi se dalo začeti, sice pa izgleda kot preveč dela	spet problem morfemov	N	
55A	https://wals.info/feature/55A	Numeral Classifiers	Are numeral classifiers present?	Nominal Categories	N		Numeral classifiers are absent; Numeral classifiers are optional; Numeral classifiers are obligatory	Y						clf	relacija clf + dodatni koraki za preverjanje obveznosti uporabe skupaj s števniki	Y	moderate
56A	https://wals.info/feature/56A	Conjunctions and Universal Quantifiers	How are conjunctions and universal quantifiers expressed?	Nominal Categories	N		Formally different; Formally similar, not involving interrogative expression; Formally similar, involving interrogative expression	N						not sure, začeti bi se dalo s conj	Ni enotne oznake za univerzalne kvantifikatorje, zato bolj ne	N	
57A	https://wals.info/feature/57A	Position of Pronominal Possessive Affixes	Where are pronominal possessive affixes positioned?	Nominal Categories	N		Possessive prefixes; Possessive suffixes; Both possessive prefixes and possessive suffixes, with neither primary; No possessive affixes	Y						Poss	Spet problem določanja morfemov	N	
58A	https://wals.info/feature/58A	Obligatory Possessive Inflection	Are there obligatorily possessed nouns?	Nominal Syntax	N		Obligatorily possessed nouns exist; No obligatorily possessed nouns	Y						s pomočjo UD_Guarani-OldTuDeT korpusa mogoče predlagano iskanje upos=NOUN in Poss=Yes		Y	moderate
58B	https://wals.info/feature/58B	Number of Possessive Nouns	How many possessive nouns are there?	Nominal Syntax	N		None reported; One; Two to four; Five or more	N						zdi se mi nemogoče najti vse takšne samostalnike v jeziku na podlagi nekega korpusa		N	
59A	https://wals.info/feature/59A	Possessive Classification	How is possessive classification implemented?	Nominal Syntax	N		No possessive classification; Two classes; Three to five classes; More than five classes	N						zdi se mi preveč kompleksno odkrivati to v jeziku na podlagi nekega korpusa		N	
60A	https://wals.info/feature/60A	Genitives, Adjectives and Relative Clauses	How are genitives, adjectives, and relative clauses expressed?	Nominal Syntax	N		Weakly differentiated; Moderately differentiated, with genitives and adjectives collapsed; Moderately differentiated, with genitives and relative clauses collapsed; Moderately differentiated, with adjectives and relative clauses collapsed; Moderately differentiated; other; Highly differentiated	Y						distinguish between three different types of constructions, genitives, adjectives and relative clauses - to bi se pomoje dalo z UD, differentiaton pa ne vem, si predstavljam, da ja, ampak bi si bilo treba podrobneje ogledati connllu strukturo korpusov za jezike za vsak value tega featurja	Najbrž bi za to potrebovali ogromno časa in stalno prilagajanje metode na vsak specifičen jezik	Y	difficult
61A	https://wals.info/feature/61A	Adjectives without Nouns	Can adjectives occur without nouns, and how are they marked?	Nominal Syntax	N		Adjective may not occur without noun; Adjective may occur without noun, and without marking; Adjective may occur without noun, obligatorily marked by prefix; Adjective may occur without noun, obligatorily marked by suffix; Adjective may occur without noun, obligatorily marked by preceding word; Adjective may occur without noun, obligatorily marked by following word; Adjective may occur without noun, obligatorily marked by mixed or other strategies	Y						odgovor vsaj na prvo vprašanje bi se dalo z UD, pa z nadaljnjimi koraki verjetno tudi drugo		Y	difficult
62A	https://wals.info/feature/62A	Action Nominal Constructions	How are action nominal constructions formed?	Nominal Syntax	N		Sentential: dependent-marking of the finite clause is retained for S, A and P; Possessive-Accusative: S/A treated as possessors, P retains sentential marking; Ergative-Possessive: S/P treated as possessors, A treated differently; Double-Possessive: All major arguments treated as possessors; Other: Minor patterns; Mixed: Several patterns in the same language; Not both A and P in the same construction; No action nominals	Y						verjetno izvedljivo, ne predstvljam si čisto, kako	Najtežji del je najbrž prepoznavanje teh action nounov. Jaz ne vidim načina, kako bi se jih z UD dalo z enotno metodo poiskati za katerikoli jezik, zato menim, da to bolj ni izvedljivo	N	
63A	https://wals.info/feature/63A	Noun Phrase Conjunction	How is noun phrase conjunction expressed?	Nominal Syntax	N		AND-languages: 'and' and 'with' are not identical; WITH-languages: 'and' and 'with' are identical	N						mogoče bi se dejansko dalo (kaj v zvezi s cc/case), a po Lukinem predlogu označujem kot UD = N, ker se mi zdi prekompleksno		N	
64A	https://wals.info/feature/64A	Nominal and Verbal Conjunction	How are nominal and verbal conjunctions expressed?	Nominal Syntax	N		Nominal and verbal conjunction are largely identical; Nominal and verbal conjunction are different; Nominal and verbal conjunction are primarily expressed by juxtaposition	Y						poiskati upos besed in relacijo conj + cc		Y	moderate
65A	https://wals.info/feature/65A	Perfective/Imperfective Aspect	How does the language mark the distinction between perfective and imperfective aspects?	Verbal Categories	N		Grammatical marking of perfective/imperfective distinction; No grammatical marking of perfective/imperfective distinction	Y						Perf		Y	easy
66A	https://wals.info/feature/66A	The Past Tense	How does the language mark past vs. non-past tense?	Verbal Categories	N		Past/non-past distinction marked; no remoteness distinction; Past/non-past distinction marked; 2-3 degrees of remoteness distinguished; Past/non-past distinction marked; at least 4 degrees of remoteness distinguished; No grammatical marking of past/non-past distinction	Y						Tense	To bi šlo samo deloma, ker trenutno ni vrednosti za oznako Tense, ki bi označevala oddaljeno preteklost. Dokaj enostavno pa bi bilo preveriti, ali je preteklik slovnično izražen v nekem jeziku	Y	easy
67A	https://wals.info/feature/67A	The Future Tense	How is the future tense expressed?	Verbal Categories	N		Inflectional marking of future/non-future distinction; No inflectional marking of future/non-future distinction	Y						Tense		Y	easy
68A	https://wals.info/feature/68A	The Perfect	How is the perfect aspect expressed?	Verbal Categories	N		Perfect of the 'have'-type (derived from a possessive construction); Perfect derived from word meaning 'finish' or 'already'; Other perfect; No perfect	Y						Aspect	V osnovi bi šlo, ne bi se pa dalo preveriti, iz katere besede je izpeljan perfekt	Y	easy
69A	https://wals.info/feature/69A	Position of Tense-Aspect Affixes	Where are tense-aspect affixes positioned?	Verbal Categories	N		Tense-aspect prefixes; Tense-aspect suffixes; Tense-aspect tone; Combination of tense-aspect strategies with none primary; No tense-aspect inflection	N						not sure, bolj ne		N	
70A	https://wals.info/feature/70A	The Morphological Imperative	How is the imperative form expressed in the language morphologically?	Verbal Categories	Y	Second singular and second plural	The language has morphologically dedicated second singular as well as second plural imperatives; The language has morphologically dedicated second singular imperatives but no morphologically dedicated second plural imperatives; The language has morphologically dedicated second plural imperatives but no morphologically dedicated second singular imperatives; The language has morphologically dedicated second person imperatives that do not distinguish between singular and plural; The language has no morphologically dedicated second-person imperatives at all	Y						Mood, Number		Y	moderate
71A	https://wals.info/feature/71A	The Prohibitive	How is the prohibitive expressed?	Verbal Categories	Y	Normal imperative + normal negative	The prohibitive uses the verbal construction of the second singular imperative and a sentential negative strategy found in (indicative) declaratives; The prohibitive uses the verbal construction of the second singular imperative and a sentential negative strategy not found in (indicative) declaratives; The prohibitive uses a verbal construction other than the second singular imperative and a sentential negative strategy found in (indicative) declaratives; The prohibitive uses a verbal construction other than the second singular imperative and a sentential negative strategy not found in (indicative) declaratives	N						mogoče se da začeti z UD	Načeloma mislim, da bi šlo z uporabo Mood=Imp in Polarity=Neg, vendar bi bilo potrebnega najprej ogromno dela za ugotavljanje, kateri način negacije in velelnik je v nekem jeziku privzeti. 	Y	difficult
72A	https://wals.info/feature/72A	Imperative-Hortative Systems	What are the features of imperative-hortative systems?	Verbal Categories	Y	Neither type of system	The language has a maximal system, but not a minimal one; The language has a minimal system, but not a maximal one; The language has both a maximal and a minimal system; The language has neither a maximal nor a minimal system	Y						verjetno bi se dalo, ni pa povsem straight-forward	Tu bi bilo potrebno primerjanje obrazil in razne druge strategije, ki bi morale biti prilagojen e posameznim jezikom. Jaz menim, da je to prekompleksno.	N	
73A	https://wals.info/feature/73A	The Optative	How is the optative expressed?	Verbal Categories	Y	Inflectional optative absent	Inflectional optative present; Inflectional optative absent	Y						vrednost Opt, ampak npr. angleški GUM nima tega?	V angleščini te oznake najbrž ni pričakovati, ker optativa ne izraža s slovničnim obrazilom. Jo imajo pa drugi jeziki, tako da bi šlo.	Y	easy
74A	https://wals.info/feature/74A	Situational Possibility	How is situational possibility marked?	Verbal Categories	Y	Verbal constructions	The language can express situational possibility with affixes on verbs; The language cannot express situational possibility with affixes on verbs, but with verbal constructions; The language cannot express situational possibility with affixes on verbs or with verbal constructions, but with other kinds of markers	N						se mi zdi prekompleksno		N	
75A	https://wals.info/feature/75A	Epistemic Possibility	How is epistemic possibility marked?	Verbal Categories	Y	Other	The language can express epistemic possibility with verbal constructions; The language cannot express epistemic possibility with verbal constructions, but with affixes on verbs; The language cannot express epistemic possibility with verbal constructions or with affixes on verbs, but with other kinds of markers	N						isto kot prej, morda prek jezikovnospecifičnih besed		N	
76A	https://wals.info/feature/76A	Overlap between Situational and Epistemic Modal Marking	How are situational and epistemic modalities distinguished in the language, and are any markers used for both?	Verbal Categories	Y	Overlap for both possibility and necessity	The language has markers that can code both situational and epistemic modality, both for possibility and necessity; The language has markers that can code both situational and epistemic modality, but only for possibility or for necessity; The language has no markers that can code both situational and epistemic modality	N						isto kot prej, morda prek jezikovnospecifičnih besed (za najti neke markerje)		N	
77A	https://wals.info/feature/77A	Semantic Distinctions of Evidentiality	What are the semantic distinctions of evidentiality?	Verbal Categories	N		No grammatical evidentials; Only indirect evidentials; Both direct and indirect evidentials	N						isto kot prej, morda prek jezikovnospecifičnih besed (za najti neke markerje)	UD dejansko ima poseben feature Evident, s tem da sta vrednosti Fh (firsthand, isto kot direct) in Nfh (non-firsthand, isto kot indirect).	Y	easy
78A	https://wals.info/feature/78A	Coding of Evidentiality	How is evidentiality coded?	Verbal Categories	N		No grammatical evidentials; Verbal affix or clitic; Part of the tense system; Separate particle; Modal morpheme; Mixed systems	N						isto kot prej, morda prek jezikovnospecifičnih besed (za najti neke markerje)	To ne gre z UD, spet problem s posameznimi morfemi	N	
79A	https://wals.info/feature/79A	Suppletion According to Tense and Aspect	How does the language show suppletion based on tense or aspect?	Verbal Categories	Y	Tense and aspect	Suppletion according to tense; Suppletion according to aspect; Suppletion in both tense and aspect; No suppletion in tense or aspect	Y						not sure, ampak bolj ja	Tu bi bilo potrebno primerjanje korenov besed, to je po mojem prekompleksno	N	
79B	https://wals.info/feature/79B	Suppletion in Imperatives and Hortatives	How do imperative and hortative forms exhibit suppletion, if at all?	Verbal Categories	Y	None (= no suppletive imperatives reported in the reference material)	A regular and a suppletive form alternate; Imperative; Hortative; Imperative and Hortative; None (= no suppletive imperatives reported in the reference material)	Y						not sure, ampak bolj ja	Podobno kot pri 79A	N	
80A	https://wals.info/feature/80A	Verbal Number and Suppletion	How is verbal number expressed, and is suppletion used?	Verbal Categories	Y	None	No singular-(dual)-plural pairs/triples; Singular-plural pairs, no suppletion; Singular-plural pairs, suppletion; Singular-dual-plural triples, no suppletion; Singular-dual-plural triples, suppletion	Y						Number, lemma	Podobno kot pri 79A	N	
81A	https://wals.info/feature/81A	Order of Subject, Object and Verb	What is the order of subject, object and verb?	Word Order	Y	SVO	Subject-object-verb (SOV); Subject-verb-object (SVO); Verb-subject-object (VSO); Verb-object-subject (VOS); Object-verb-subject (OVS); Object-subject-verb (OSV); Lacking a dominant word order	Y	Y	query = upos=VERB >nsubj _ >obj _	Y	ročno preveriti mesto posameznega člena	easy			Y	moderate
81B	https://wals.info/feature/81B	Languages with two Dominant Orders of Subject, Object, and Verb	Which languages have two dominant orders of subject, object and verb?	Word Order	N		SOV or SVO; VSO or VOS; SVO or VSO; SVO or VOS; SOV or OVS	Y	Y	query = upos=VERB >nsubj _ >obj _	Y	ročno preveriti mesto posameznega člena; primerjava iz prvega feature-ja za morebitno določitev dveh dominantnih vrstnih redov, če bi bilo razmerje podobno	moderate	nadaljevanje 81A		Y	moderate
82A	https://wals.info/feature/82A	Order of Subject and Verb	What is the order of subject and verb?	Word Order	Y	SV	Subject precedes verb (SV); Subject follows verb (VS); Both orders with neither order dominant	Y	Y	query = upos=VERB >nsubj _	Y	ročno preveriti mesto posameznega člena	easy			Y	moderate
83A	https://wals.info/feature/83A	Order of Object and Verb	What is the order of object and verb?	Word Order	Y	VO	Object precedes verb (OV); Object follows verb (VO); Both orders with neither order dominant	Y	Y	query = upos=VERB >obj _	Y	ročno preveriti mesto posameznega člena	easy			Y	moderate
84A	https://wals.info/feature/84A	Order of Object, Oblique, and Verb	What is the order of object, oblique and verb?	Word Order	N		Verb-object-oblique (VOX); Oblique-verb-object (XVO); Oblique-object-verb (XOV); Object-oblique-verb (OXV); Object-verb-oblique (OVX); More than one order with none dominant	Y	Y	query = upos=VERB >obj _ >obl _	Y	ročno preveriti mesto posameznega člena	easy			Y	moderate
85A	https://wals.info/feature/85A	Order of Adposition and Noun Phrase	What is the order of adposition and noun phrase?	Word Order	Y	Prepositions	Postpositions; Prepositions; Inpositions; More than one adposition type with none dominant; No adpositions	Y	Y	query = upos=NOUN >case _	Y	ročno preveriti mesto posameznega člena	easy			Y	moderate
86A	https://wals.info/feature/86A	Order of Genitive and Noun	What is the order of genitive and noun?	Word Order	Y	No dominant order	Genitive-noun (GenN); Noun-genitive (NGen); Both orders occur with neither order dominant	Y	Y	query = upos=NOUN >nmod Case=Gen	Y	ročno preveriti mesto posameznega člena	easy			Y	moderate
87A	https://wals.info/feature/87A	Order of Adjective and Noun	What is the order of adjective and noun?	Word Order	Y	Adjective-Noun	Modifying adjective precedes noun (AdjN); Modifying adjective follows noun (NAdj); Both orders of noun and modifying adjective occur, with neither dominant; Adjectives do not modify nouns, occurring as predicates in internally headed relative clauses	Y	Y	query = upos=NOUN >amod upos=ADJ	Y	ročno preveriti mesto posameznega člena	easy			Y	moderate
88A	https://wals.info/feature/88A	Order of Demonstrative and Noun	What is the order of demonstrative and noun?	Word Order	Y	Demonstrative-Noun	Demonstrative word precedes noun (DemN); Demonstrative word follows noun (NDem); Demonstrative prefix on noun; Demonstrative suffix on noun; Demonstrative simultaneously before and after noun; Two or more of above types with none dominant	Y	Y	query = upos=NOUN >det upos=DET	Y	ročno preveriti mesto posameznega člena	easy			Y	moderate
89A	https://wals.info/feature/89A	Order of Numeral and Noun	What is the order of numeral and noun?	Word Order	Y	Numeral-Noun	Numeral precedes noun (NumN); Numeral follows noun (NNum); Both orders of numeral and noun with neither order dominant; Numeral only modifies verb	Y	Y	query = upos=NOUN >nummod upos=NUM	Y	ročno preveriti mesto posameznega člena	easy			Y	moderate
90A	https://wals.info/feature/90A	Order of Relative Clause and Noun	What is the order of relative clause and noun?	Word Order	N		Relative clause follows noun (NRel); Relative clause precedes noun (RelN); Internally-headed relative clause; Correlative relative clause; Adjoined relative clause; Double-headed relative clause; Mixed types of relative clause with none dominant	Y	Y	query = upos=NOUN >acl _	Y	ročno preveriti mesto posameznega člena	easy		sicer vprašanje, če se tiste posebne tipe odvisnih stavkov (Internally-headed relative clause; Correlative relative clause; Adjoined relative clause; Double-headed relative clause) da poiskati z UD, bi bila potrebna podrobnejša raziskava za vsakj posamezni tip in za različne jezike, precej težko, ampak v osnovi se bi najbrž dalo	Y	difficult
90B	https://wals.info/feature/90B	Prenominal relative clauses	How are prenominal relative clauses positioned relative to the noun?	Word Order	N		Relative clause-Noun (RelN) dominant; RelN or NRel; RelN or internally-headed; RelN or correlative; RelN or double-headed	Y	Y	query = upos=NOUN >acl _	Y	ročno preveriti mesto posameznega člena	easy			Y	moderate
90C	https://wals.info/feature/90C	Postnominal relative clauses	How does the language use postnominal relative clauses, and where do they appear in relation to the noun?	Word Order	N		Noun-Relative clause (NRel) dominant; NRel or RelN; NRel or internally-headed; NRel or correlative	Y	Y	query = upos=NOUN >acl _	Y	ročno preveriti mesto posameznega člena	easy			Y	moderate
90D	https://wals.info/feature/90D	Internally-headed relative clauses	How does the language structure internally-headed relative clauses in terms of noun placement?	Word Order	N		Internally-headed relative clause dominant; Internally-headed or RelN; Internally-headed or NRel; Internally-headed or correlative; Internally-headed or double-headed; Internally-headed occurs as nondominant type; Internally-headed exists	Y	Y	query = upos=NOUN >acl _	Y	ročno preveriti mesto posameznega člena, to nekoliko težje kot prejšnji dve	moderate		Tukaj: https://github.com/UniversalDependencies/docs/issues/959 je diskusija glede označevanja tovrstnih struktur	Y	difficult
90E	https://wals.info/feature/90E	Correlative relative clauses	What is the position of correlative relative clauses in relation to the noun they modify?	Word Order	N		Correlative relative clause dominant; Correlative or RelN; Correlative or NRel; Correlative or internally-headed; Correlative or adjoined; Correlative as nondominant type; Correlative exists	Y	Y	query = upos=NOUN >acl _	Y	ročno preveriti mesto posameznega člena, to nekoliko težje kot prejšnji dve	moderate		https://github.com/UniversalDependencies/docs/issues/547 - diskusija glede označevanja podobnih struktur	Y	difficult
90F	https://wals.info/feature/90F	Adjoined relative clauses	How are adjoined relative clauses structured and positioned in the sentence?	Word Order	N		Adjoined relative clause dominant; Adjoined or correlative	Y	Y	query = upos=NOUN >acl _	Y	ročno preveriti mesto posameznega člena, to nekoliko težje kot prejšnji dve	moderate		https://github.com/UniversalDependencies/docs/issues/956 - diskusija glede označevanja podobnih struktur	Y	difficult
90G	https://wals.info/feature/90G	Double-headed relative clauses	How does the language structure double-headed relative clauses?	Word Order	N		Double-headed dominant; Double-headed or RelN; Double-headed or internally-headed; Double-headed as nondominant type	Y	Y	query = upos=NOUN >acl _	Y	ročno preveriti mesto posameznega člena, to nekoliko težje kot prejšnji dve	moderate		WALS omenja, da je ta tip odvisnega stavka prisoten samo v jeziku Kombai, ki pa ni v zbirki UD, zato zaenkrat menim, da ni relevantno	N	
91A	https://wals.info/feature/91A	Order of Degree Word and Adjective	What is the order of degree word and adjective?	Word Order	N		Degree word precedes adjective (DegAdj); Degree word follows adjective (AdjDeg); Both orders occur with neither order dominant	Y	Y	query = upos=ADJ >advmod _	Y	ročno preveriti mesto posameznega člena	easy		Ti degree wordi so po navadi le prislovi, ki modificirajo pridevnike, vendar so najbrž tudi izjeme, zato jih je najbrž malo težje poiskati	Y	difficult
92A	https://wals.info/feature/92A	Position of Polar Question Particles	Where are polar question particles positioned?	Word Order	N		Question particle at beginning of sentence; Question particle at end of sentence; Question particle in second position in sentence; Question particle with other position; Question particle in either of two positions; No question particle	Y	Y	query = upos=VERB&Mood=Int >advmod L=ali	Y	ročno preveriti mesto posameznega člena	moderate	po pregledu connllu datoteke vidim, da se Mood=Int za slovenščino sploh ne uporablja; za boljši query bi bilo treba pogledati connllu kakšnega korpusa za jezik, ki uporablja te markerje	Načeloma se Mood=Int v UD nanaša na glagole, ki imajo posebno vprašalno obliko, ne pripiše pa se vprašalnim členkom, kar tale WALS feature naslavlja, tako da jaz mislim, da se z UD to ne da	N	
93A	https://wals.info/feature/93A	Position of Interrogative Phrases in Content Questions	Where are interrogative phrases positioned in content questions?	Word Order	N		Interrogative phrases obligatorily initial; Interrogative phrases not obligatorily initial; Mixed, some interrogative phrases obligatorily initial, some not	Y	Y	query = upos=VERB > PronType=Int	Y	ročno preveriti mesto posameznega člena	easy		Šlo bi v sonovi s PronType=Int, vendar obstaja možnost, da je kakšen jeik, ki vprašalnih zvez ne označuje s to oznako. V teh primerih, bi bilo treba najprej raziskati označevalni sistem v tem jeziku	Y	moderate
94A	https://wals.info/feature/94A	Order of Adverbial Subordinator and Clause	What is the order of adverbial subordinator and clause?	Word Order	N		Adverbial subordinators which are separate words and which appear at the beginning of the subordinate clause; Adverbial subordinators which are separate words and which appear at the end of the subordinate clause; Clause-internal adverbial subordinators; Suffixal adverbial subordinators; More than one type of adverbial subordinators with none dominant	Y	Y	query = upos=VERB >mark_	Y	ročno preveriti mesto posameznega člena	easy		Načeloma bi šlo z mark, razen če ima jezik obrazila namesto veznikov. V te primerih bi bila analiza težja	Y	moderate
95A	https://wals.info/feature/95A	Relationship between the Order of Object and Verb and the Order of Adposition and Noun Phrase	What is the relationship between the order of object and verb and the order of adposition and noun phrase?	Word Order	Y	VO and Prepositions	Object-verb and postpositional (OV&Postp); Object-verb and prepositional (OV&Prep); Verb-object and postpositional (VO&Postp); Verb-object and prepositional (VO&Prep); Languages not falling into one of the preceding four types	Y	Y	query = upos=VERB >obj _	Y	naslednji korak za obe možnosti (VO in OV); query = upos=NOUN >case _	difficult	združiti oba iskalna niza ali v naslednjem koraku preveriti za vsakega posebej		Y	moderate
96A	https://wals.info/feature/96A	Relationship between the Order of Object and Verb and the Order of Relative Clause and Noun	What is the relationship between the order of object and verb and the order of relative clause and noun?	Word Order	N		Object-verb and relative clause-noun (OV&RelN); Object-verb and noun-relative clause (OV&NRel); Verb-object and relative clause-noun (VO&RelN); Verb-object and noun-relative clause (VO&NRel); Languages not falling into one of the preceding four types	Y	Y	query = upos=VERB >obj _	Y	naslednji korak za obe možnosti (VO in OV); query = upos=NOUN >acl_	difficult	združiti oba iskalna niza ali v naslednjem koraku preveriti za vsakega posebej		Y	moderate
97A	https://wals.info/feature/97A	Relationship between the Order of Object and Verb and the Order of Adjective and Noun	What is the relationship between the order of object and verb and the order of adjective and noun?	Word Order	Y	VO and AdjN	Object-verb and adjective-noun (OV&AdjN); Object-verb and noun-adjective (OV&NAdj); Verb-object and adjective-noun (VO&AdjN); Verb-object and noun-adjective (VO&NAdj); Languages not falling into one of the preceding four types	Y	Y	query = upos=VERB >obj _	Y	naslednji korak za obe možnosti (VO in OV); query = upos=NOUN >amod upos=ADJ	difficult	združiti oba iskalna niza ali v naslednjem koraku preveriti za vsakega posebej		Y	moderate
98A	https://wals.info/feature/98A	Alignment of Case Marking of Full Noun Phrases	How is the case marking of full noun phrases aligned?	Simple Clauses	N		Neutral; Nominative - accusative (standard); Nominative - accusative (marked nominative); Ergative - absolutive; Tripartite; Active - inactive	Y						not sure, ampak bolj Y, sicer morda kompleksno	Že Case oznaka lahko tu veliko pove	Y	moderate
99A	https://wals.info/feature/99A	Alignment of Case Marking of Pronouns	How is the case marking of pronouns aligned?	Simple Clauses	N		Neutral; Nominative - accusative (standard); Nominative - accusative (marked nominative); Ergative - absolutive; Tripartite; Active - inactive; None	Y						not sure, ampak bolj Y, sicer morda kompleksno		Y	moderate
100A	https://wals.info/feature/100A	Alignment of Verbal Person Marking	How is the verbal person marking aligned?	Simple Clauses	N		Neutral alignment (no verbal person marking); Accusative alignment; Ergative alignment; Active alignment; Hierarchical alignment; Split alignment	Y						not sure, ampak bolj Y, sicer morda kompleksno		Y	moderate
101A	https://wals.info/feature/101A	Expression of Pronominal Subjects	How are pronominal subjects expressed?	Simple Clauses	Y	Subject affixes on verb	Pronominal subjects are expressed by pronouns in subject position that are normally if not obligatorily present; Pronominal subjects are expressed by affixes on verbs; Pronominal subjects are expressed by clitics with variable host; Pronominal subjects are expressed by subject pronouns that occur in a different syntactic position from full noun phrase subjects; Pronominal subjects are expressed only by pronouns in subject position, but these pronouns are often left out; More than one of the above types with none dominant	Y						nsubj, morfološke značilnosti glagolov, odsotnost subjektov, primerjava različnih strategij izražanja pronominalnih subjektov		Y	moderate
102A	https://wals.info/feature/102A	Verbal Person Marking	How is verbal person marking applied?	Simple Clauses	N		No person marking of any argument; Person marking of only the A argument; Person marking of only the P argument; Person marking of the A or P argument; Person marking of both the A and P arguments	Y						presence of Person on verb, nato ročno dalje	med UD oznakami ni ničesar, kar bi pomagalo razločevati ujemanje z argumentoma A ali P, označuje se samo ujemanje nasploh (Person). Zdi se mi, da trenutno določanje tega WALS featureja ni mogoče.	N	
103A	https://wals.info/feature/103A	Third Person Zero of Verbal Person Marking	How is third person subject marking realized?	Simple Clauses	N		No person marking of the S; No zero realization of third person S forms; Zero realization of some third person singular forms; Zero realization of all third person singular S forms; Zero realization of all third person forms/No third person S forms; Zero realization only of third person non-singular	Y						verbs with Person=3, nato dodatni koraki		N	
104A	https://wals.info/feature/104A	Order of Person Markers on the Verb	In what order are person markers arranged on the verb?	Simple Clauses	N		A and P do not or do not both occur on the verb; A precedes P; P precedes A; Both orders of A and P occur; A and P are fused	Y						nsubj (A) and obj/iobj (P)		N	
105A	https://wals.info/feature/105A	Ditransitive Constructions: The Verb 'Give'	What type of ditransitive construction does the verb 'give' take?	Simple Clauses	N		Indirect-object construction; Double-object construction; Secondary-object construction; Mixed	Y						verb give, nsubj, iobj/obj	Zaradi novih smernic glede obj/iobj se najbrž ne da s pomočjo UD ločiti teh treh opcij za predmete.	N	
106A	https://wals.info/feature/106A	Reciprocal Constructions	How are reciprocal constructions formed?	Simple Clauses	N		There are no non-iconic reciprocal constructions; All reciprocal constructions are formally distinct from reflexive constructions; There are both reflexive and non-reflexive reciprocal constructions; The reciprocal and reflexive constructions are formally identical	Y						PronType=Rcp, Reflex		Y	moderate
107A	https://wals.info/feature/107A	Passive Constructions	How are passive constructions expressed?	Simple Clauses	N		There is a passive construction; There is no passive construction	Y						Voice=Pass		Y	easy
108A	https://wals.info/feature/108A	Antipassive Constructions	How are antipassive constructions expressed?	Simple Clauses	N		Antipassive with patient-like argument left implicit; Antipassive with patient-like argument expressed as oblique complement; No antipassive	Y						Voice=Antip		Y	moderate
108B	https://wals.info/feature/108B	Productivity of the Antipassive Construction	How productive is the antipassive construction?	Simple Clauses	N		Productive; Partially productive; Not productive; No antipassive	Y						Voice=Antip, nadaljevanje 108A	Najbrž bi šlo, ampak z veliko dodatnih korakov	Y	difficult
109A	https://wals.info/feature/109A	Applicative Constructions	How are applicative constructions expressed?	Simple Clauses	N		Benefactive object only; both bases; Benefactive object only; transitive base only; Benefactive and other; both bases; Benefactive and other; transitive base only; Non-benefactive object only; both bases; Non-benefactive object only; transitive base only; Non-benefactive object only; intransitive base only; No applicative construction	N						not sure, ampak bolj N	UD nima oznake za applicative	N	
109B	https://wals.info/feature/109B	Other Roles of Applied Objects	What other roles do applied objects play?	Simple Clauses	N		Instrument; Locative; Instrument and locative; No other roles (= Only benefactive); No applicative construction	N						not sure, ampak bolj N		N	
110A	https://wals.info/feature/110A	Periphrastic Causative Constructions	How are periphrastic causative constructions expressed?	Simple Clauses	N		Sequential type but no purposive type; Purposive type but no sequential type; Both sequential type and purposive type	N						not sure, ampak bolj N, verjetno prekompleksno	V UD se causative case in causative voice ne nanašata na perifrastične strukture, zato mislim, da to ne bi bilo izvedljivo	N	
111A	https://wals.info/feature/111A	Nonperiphrastic Causative Constructions	How are nonperiphrastic causative constructions expressed?	Simple Clauses	N		No morphological type or compound type; Morphological type but no compound type; Compound type but no morphological type; Both morphological type and compound type	N						not sure, ampak bolj N, verjetno prekompleksno		N	
112A	https://wals.info/feature/112A	Negative Morphemes	How are negative morphemes expressed?	Simple Clauses	Y	Negative particle	Negative affix; Negative particle; Negative auxiliary verb; Negative word, unclear if verb or particle; Variation between negative word and affix; Double negation	Y						najbrž podobno kot pri tej temi v kategoriji word order	Najbrž bi šlo, ampak z veliko dela za ugotavljanje, tipa zanikanega elementa	Y	difficult
113A	https://wals.info/feature/113A	Symmetric and Asymmetric Standard Negation	What types of standard negation are used?	Simple Clauses	N		Symmetric standard negation only: Type Sym; Asymmetric standard negation only: Type Asy; Symmetric and asymmetric standard negation: Type SymAsy	Y						najbrž podobno kot pri tej temi v kategoriji word order	Bi se dalo z UD, če predpostavimo, da je pri asimetrični negaciji v zanikanih stavkih skladenjsko drevo drugačno od ekvivaletnega trdilnega stavka. Vendar bi bilo najbrž precej dela z iskanjem ekvivalentnih stavkov	Y	difficult
114A	https://wals.info/feature/114A	Subtypes of Asymmetric Standard Negation	What subtypes of asymmetric standard negation exist?	Simple Clauses	N		In finiteness: Subtype A/Fin; In reality status: Subtype A/NonReal; In other grammatical categories: Subtype A/Cat; In finiteness and reality status: Subtypes A/Fin and A/NonReal; In finiteness and other grammatical categories: Subtypes A/Fin and A/Cat; In reality status and other grammatical categories: Subtypes A/NonReal and A/Cat; Non-assignable (no asymmetry found)	Y						nadaljevanje 113A	Bi bilo možno, ampak s precej dodatnega dela	Y	difficult
115A	https://wals.info/feature/115A	Negative Indefinite Pronouns and Predicate Negation	How do negative indefinite pronouns interact with predicate negation?	Simple Clauses	N		Negative indefinites co-occur with predicate negation; Negative indefinites preclude predicate negation; Negative indefinites show mixed behaviour; Negative existential construction	Y						seznam indefinite pronouns	Nekaj bi jih lahko dobili že s PronType=Neg pri jezikih, ki to imajo	Y	difficult
116A	https://wals.info/feature/116A	Polar Questions	How are polar questions formed?	Simple Clauses	Y	Question particle	Question particle; Interrogative verb morphology; Question particle and interrogative verb morphology; Interrogative word order; Absence of declarative morphemes; Interrogative intonation only; No interrogative-declarative distinction	Y						polar questions že imeli pri word order	Ker, kot omenjam zgoraj, se question particlov ne da poiskati, menim, da to ni izvedljivo	N	
117A	https://wals.info/feature/117A	Predicative Possession	How is possession expressed predicatively?	Simple Clauses	N		Locational Possessive; Genitive Possessive; Topic Possessive; Conjunctional Possessive; Have-Possessive	Y						seznam glagolov, cop, skloni, relacija obl	Tudi za to mislim, da ni izvedljivo. UD nima posebnih oznak za predikativne svojilne strukture, posamezni jeziki pa se med seboj zelo razlikujejo glede na strategijo označevanja.	N	
118A	https://wals.info/feature/118A	Predicative Adjectives	How are predicative adjectives encoded?	Simple Clauses	N		Predicative adjectives have verbal encoding; Predicative adjectives have nonverbal encoding; Predicative adjectives have mixed encoding	Y						cop/glagol	Z upoštevanjem treh kriterijev, ki jih omenja opis te lastnosti na WALS-u bi se dalo določiti s pomočjo UD.	Y	moderate
119A	https://wals.info/feature/119A	Nominal and Locational Predication	How is nominal and locational predication encoded?	Simple Clauses	N		Split (i.e. different) encoding of nominal and locational predication; Shared (i.e. identical) encoding of nominal and locational predication	Y						cop/obl		Y	moderate
120A	https://wals.info/feature/120A	Zero Copula for Predicate Nominals	Does the language have a zero copula in predicate nominals?	Simple Clauses	N		Zero copula is impossible; Zero copula is possible	Y						cop		Y	moderate
121A	https://wals.info/feature/121A	Comparative Constructions	What types of comparative constructions exist?	Simple Clauses	N		Locational Comparative; Exceed Comparative; Conjoined Comparative; Particle Comparative	Y						Degree	Z Degree bi lahko polovili particle comparative, vendar pa bilo precej težje ločiti med ostalimi vrstami primerjav, predvsem exceed comparative, kjer bi potreboval informacijo o tem, katere besede izražajo pomen presežka. Menim, da je ta feature preveč kompleksen.	N	
122A	https://wals.info/feature/122A	Relativization on Subjects	How is relativization on subjects expressed in a language?	Complex Sentences	N		Relative pronoun; Non-reduction; Pronoun-retention; Gap	Y						izgleda mi zelo mogoče, nisem sicer 100 %, ampa po seznanjenju s kakšnim tujejezikovnim korpusom bi se domneva verjetno potrdila	Bi šlo, treba bi bilo definirati konkretne vzorce dreves, ki ustrezajo vsakemu tipu	Y	moderate
123A	https://wals.info/feature/123A	Relativization on Obliques	How is relativization on obliques expressed in a language?	Complex Sentences	N		Relative Pronoun Strategy; Non-Reduction Strategy; Pronoun-Retention Strategy; Gap Strategy; Not possible	Y						izgleda mi zelo mogoče, nisem sicer 100 %, ampa po seznanjenju s kakšnim tujejezikovnim korpusom bi se domneva verjetno potrdila		Y	moderate
124A	https://wals.info/feature/124A	Want' Complement Subjects	How are 'want' complement subjects expressed in a language?	Complex Sentences	N		The complement subject is left implicit; The complement subject is expressed overtly; Both construction types exist; 'Want' is expressed as a desiderative verbal affix; 'Want' is expressed as an uninflected desiderative particle	Y						jezikovnospecifično, najbrž bi bil dober začetek za slovenščino enostavno iskanje po korpusu s poizvedbo za glagol 'želeti'/'hoteti'	Preveč dela bi bilo z iskanjem jezikovnospecifičnih načinov izražanja hotenja, zato menim, da je preveč kompleksno.	N	
125A	https://wals.info/feature/125A	Purpose Clauses	How are purpose clauses expressed in a language?	Complex Sentences	N		Balanced; Balanced/deranked; Deranked	Y						not sure, ampak bolj Y + nadaljnji (ročni) kroaki	To bi bilo precej kompleksno, ker je treba na jezikovnospecifične načine poiskati take povedi. Menim, da je prekompleksno	N	
126A	https://wals.info/feature/126A	When' Clauses	How are 'when' clauses expressed in a language?	Complex Sentences	N		Balanced; Balanced/deranked; Deranked	Y						not sure, ampak bolj Y + nadaljnji (ročni) kroaki	Podobno kot zgoraj	N	
127A	https://wals.info/feature/127A	Reason Clauses	How are reason clauses expressed in a language?	Complex Sentences	N		Balanced; Balanced/deranked; Deranked	Y						not sure, ampak bolj Y + nadaljnji (ročni) kroaki	Podobno kot zgoraj	N	
128A	https://wals.info/feature/128A	Utterance Complement Clauses	How are utterance complement clauses expressed in a language?	Complex Sentences	N		Balanced; Balanced/deranked; Deranked	Y						not sure, ampak bolj Y + nadaljnji (ročni) kroaki	Podobno kot zgoraj	N	
129A	https://wals.info/feature/129A	Hand and Arm	How are the concepts of 'hand' and 'arm' expressed in a language?	Lexicon	N		Identity: a single word denotes both 'hand' and 'arm'; Differentiation: one word denotes 'hand' and another, different word denotes 'arm'	N								N	
130A	https://wals.info/feature/130A	Finger and Hand	How are the concepts of 'finger' and 'hand' expressed in a language?	Lexicon	N		Identity: a single word denotes both 'hand' and 'finger' and/or 'fingers'; Differentiation: one word denotes 'hand' and another, different word denotes 'finger' (or, very rarely, 'fingers')	N								N	
130B	https://wals.info/feature/130B	Cultural Categories of Languages with Identity of 'Finger' and 'Hand'	What are the cultural categories of languages with identity of 'finger' and 'hand'?	Lexicon	N		Hunter-gatherers; Farmer-foragers; Full-fledged farmers	N								N	
131A	https://wals.info/feature/131A	Numeral Bases	What numeral bases are used?	Lexicon	N		Decimal; Hybrid vigesimal-decimal; Pure vigesimal; Other base; Extended body-part system; Restricted	N								N	
132A	https://wals.info/feature/132A	Number of Non-Derived Basic Colour Categories	How many non-derived basic colour categories are there?	Lexicon	N		3 categories; Between 3 and 4 categories; 4 categories; Between 4 and 5 categories; 5 categories; Between 5 and 6 categories; 6 categories	N								N	
133A	https://wals.info/feature/133A	Number of Basic Colour Categories	How many basic colour categories are there?	Lexicon	N		3, between 3 and 4, or 4 categories; Between 4 and 5, 5, or between 5 and 6 categories; 6 or between 6 and 7 categories; 7 or between 7 and 8 categories; 8 or between 8 and 9 categories; 9, between 9 and 10, or 10 categories; More than 10 categories	N								N	
134A	https://wals.info/feature/134A	Green and Blue	How are the concepts of 'green' and 'blue' distinguished in a language?	Lexicon	N		Green and blue; Green-or-blue ('grue'); Black-or-green-or-blue; Black-or-blue and green; Yellow-or-green-or-blue; Yellow-or-green and blue; Green and blue not both encoded in any basic color term	N								N	
135A	https://wals.info/feature/135A	Red and Yellow	How are the concepts of 'red' and 'yellow' distinguished in a language?	Lexicon	N		Red and yellow; Red-or-yellow; Red and yellow-or-green-or-blue; Red and yellow-or-green; Red and yellow not both encoded in any basic color term	N								N	
136A	https://wals.info/feature/136A	M-T Pronouns	How do languages differentiate between paradigmatic and non-paradigmatic "m-T" pronouns?	Lexicon	N		No M-T pronouns; M-T pronouns, paradigmatic; M-T pronouns, non-paradigmatic	N								N	
136B	https://wals.info/feature/136B	M in First Person Singular	How does the presence or absence of "m" in the first-person singular pronoun vary?	Lexicon	N		No m in first person singular; m in first person singular	N								N	
137A	https://wals.info/feature/137A	N-M Pronouns	What role do N-M pronouns play and how are they structured?	Lexicon	N		No N-M pronouns; N-M pronouns, paradigmatic; N-M pronouns, non-paradigmatic	N								N	
137B	https://wals.info/feature/137B	M in Second Person Singular	Is M found in the second person singular pronoun?	Lexicon	N		No m in second person singular; m in second person singular	N								N	
138A	https://wals.info/feature/138A	Tea	How is the concept of 'tea' expressed?	Lexicon	Y	Words derived from Sinitic cha	Words derived from Sinitic cha; Words derived from Min Nan Chinese te; Others	N								N	
139A	https://wals.info/feature/139A	Irregular Negatives in Sign Languages	How many irregular negative forms are there?	Sign Languages	N		No irregular negatives; One irregular negative; Some irregular negatives (2-5); Many irregular negatives (more than 5)	Y						v švedskem npr. lahko poiščemo * in v naslednjem koraku *INTE (nikalnica)	sicer vidim, da v drevesnici za španski znakovni jezik ne uporabljajo enakega principa in hkrati v obeh drevesnicah ni UD featurejev, zato sposobnost iskanja teh posebnih negativnih oblik morda ni nekaj, kar v splošnem izhaja iz sistema UD. Jaz mislim, da to v splošnem ni mogoče, res pa se da prav tu pri švedski drevesnici.	N	
140A	https://wals.info/feature/140A	Question Particles in Sign Languages	Does the language have a question particle, and if so, how many?	Sign Languages	N		No question particle; One question particle; More than one question particle	Y						morda označeno z @ in kraticami	Podobno kot zgoraj	N	
141A	https://wals.info/feature/141A	Writing Systems	Which type of writing system is there in a language?	Other	N		Alphabetic; Consonantal; Alphasyllabic; Syllabic; Logographic; Mixed logographic–syllabic	N						not sure, ampak bolj N, ker je preveč fonološko		N	
142A	https://wals.info/feature/142A	Para-Linguistic Usages of Clicks	What is the para-linguistic usage of clicks?	Other	N		Logical meanings; Affective meanings; Other or none	N						not sure, mogoče bi se v kakšnem govornem korpusu celo našlo kaj prek relacije discourse	Preveč fonološko, so tudi razlike v načinih zapisovanja klikov med jeziki	N	
143A	https://wals.info/feature/143A	Order of Negative Morpheme and Verb	What is the order of negative morpheme and verb?	Word Order	Y	NegV	NegV; VNeg; [Neg-V]; [V-Neg]; Negative Tone; Type 1 / Type 2; Type 1 / Type 3; Type 1 / Type 4; Type 2 / Type 3; Type 2 / Type 4; Type 3 / Type 4; Type 3 / Negative Infix; Optional Single Negation; Obligatory Double Negation; Optional Double Negation; Optional Triple Negation with Obligatory Double Negation; Optional Triple Negation with Optional Double Negation	Y	Y	query = upos=VERB >advmod Polarity=Neg	Y	ročno preveriti mesto posameznega člena	easy	tukaj se kot negativni morfem upošteva samo "ne"	Oznake za negacijo so prisotne v vseh jezikih v zbirki UD, vendar pa je način izražanja negacije drugačen za vsak jezik, zato je to najbrž možno, vendar bi bilo veliko prilagajanja metode za vsak posamezni jezik	Y	difficult
143B	https://wals.info/feature/143B	Obligatory Double Negation	Is double negation obligatory?	Word Order	N		NegVNeg; Neg[V-Neg]; [Neg-V]Neg; [Neg-V-Neg]; Negative tone & VNeg; Negative tone & [Neg-V]; NegNegV; Neg[Neg-V]; VNegNeg; Type 1 / Type 2; Type 1 / Type 3; Type 1 / Type 5; Type 1 / Type 7; Type 1 / Type 9; Type 2 / Type 4; Obligatory double negation with optional triple negation	N	N	query = upos=VERB >advmod|>cop Polarity=Neg > L=nihče|nič|nikoli|nikjer|noben|nikak|nikakršen|nikakšen|nikogaršen|nikogaršnji|nikamor	Y	?	difficult	nekaj primerov lahko polovimo z UD, verjetno ne vseh		N	
143C	https://wals.info/feature/143C	Optional Double Negation	Is double negation optional?	Word Order	N		NegV(Neg); (Neg)VNeg; Neg[V(-Neg)]; (Neg)[V-Neg]; Neg-V; [(Neg-)V]Neg; [Neg-V(-Neg)]; [(Neg-)V-Neg]; V(Neg)Neg; V-Neg; Neg(Neg)V; Neg[(Neg-)]V; NegV plus optional change to verb stem; NegV/[Neg-V-Neg]; VNeg/[Neg-V-Neg]; [Neg-V]/NegVNeg; NegV or NegativeTone&VNeg; NegV/[V-Neg]/Neg[V-Neg]; NegV/VNeg/NegVNeg; NegV/[V-Neg]/[Neg-V-Neg]; [Neg-V]/VNeg/[Neg-V-Neg]; NegV/[Neg-V]/Neg[Neg-V]; Optional double negation with optional triple negation	N	N	query = upos=VERB >advmod|>cop Polarity=Neg > L=nihče|nič|nikoli|nikjer|noben|nikak|nikakršen|nikakšen|nikogaršen|nikogaršnji|nikamor	Y	?	difficult	nadaljevanje prejšnjega featurja; nekaj primerov lahko polovimo z UD, verjetno ne vseh		N	
143D	https://wals.info/feature/143D	Optional Triple Negation	Is triple negation optional?	Word Order	N		(Neg)[Neg-V-Neg]; [V-Neg]Neg with optional negative infix or prefix; NegVNeg/NegNegVNeg; (i) Neg[V-Neg] or (ii) NegVNeg with negative tone; Neg[V(-Neg)]Neg/[Neg-V(-Neg)]Neg; NegV-(Neg)	N	N	?	Y	?	difficult	nadaljevanje prejšnjega featurja; nekaj primerov lahko polovimo z UD, verjetno ne vseh		N	
143E	https://wals.info/feature/143E	Preverbal Negative Morphemes	How are preverbal negative morphemes positioned relative to the verb?	Word Order	Y	NegV	Preverbal negative word; Negative prefix; Both preverbal negative word and negative prefix; No preverbal negative morpheme	Y	Y	query = upos=VERB > _ upos=PART|AUX&Polarity=Neg query = upos=VERB >advmod L=ne	Y	kombinacija obeh poizvedb in ročna preverba; node_type = form in nadaljnje ročno izločanje neustreznih	difficult	nadaljevanje 143A		Y	difficult
143F	https://wals.info/feature/143F	Postverbal Negative Morphemes	Where do postverbal negative morphemes appear in relation to the verb?	Word Order	Y	None	Postverbal negative word; Negative suffix; Both postverbal negative word and negative suffix; No postverbal negative morpheme	Y	Y	query = upos=VERB > _ upos=PART|AUX&Polarity=Neg query = upos=VERB >advmod L=ne	Y	kombinacija obeh poizvedb in ročna preverba; node_type = form in nadaljnje ročno izločanje neustreznih	difficult	nadaljevanje 143A		Y	difficult
143G	https://wals.info/feature/143G	Minor morphological means of signaling negation	What are the minor morphological means of signaling negation?	Word Order	Y	None	Negative tone; Negative infix; Negative stem change; No negative tone, infix or stem change	N	N							N	
144A	https://wals.info/feature/144A	Position of Negative Word With Respect to Subject, Object, and Verb	What is the position of the negative word with respect to subject, object and verb?	Word Order	Y	SNegVO	NegSVO; SNegVO; SVNegO; SVONeg; NegSOV; SNegOV; SONegV; SOVNeg; NegVSO; VSNegO; VSONeg; NegVOS; ONegVS; OVNegS; OSVNeg; More than one position for negative morpheme, with none dominant; Optional single negation; Obligatory double negation; Optional double negation; Morphological negation only (but not double negation); Other languages	Y	Y	query = upos=VERB >nsubj _ >obj _ >advmod L=ne 	Y	node_type = form in nadaljnje ročno izločanje neustreznih	moderate	nadaljevanje 143A		Y	difficult
144B	https://wals.info/feature/144B	Position of negative words relative to beginning and end of clause and with respect to adjacency to verb	What is the position of negative words relative to the beginning and end of a clause and with respect to adjacency to the verb?	Word Order	Y	Immed preverbal	At beginning of clause separated from verb; Preceding verb, separated from verb, but not at beginning of clause; Immediately preverbal; Immediately postverbal; Following verb, separated from verb, but not at end of clause; At end of clause, separated from verb	Y	Y	query = upos=VERB >nsubj _ >obj _ >advmod L=ne 	Y	v naslednjem koraku ročni pregled pozicije besede "ne" glede na pozicijo v celotni povedi	difficult	nadaljevanje 143A		Y	difficult
144C	https://wals.info/feature/144C	Languages with different word order in negative clauses	Which languages have different word orders in negative clauses?	Word Order	N		VSO, but NegSVO; SVO, but SNegOV; SVO, but SONegV; SVO, but SOVNeg; SVO, but NegVSO; SVO but SO[V-Neg]; SVO but SO[Neg-V]; OSV but NegSVO/O[Neg-V]S; SVO, but NegSNegOV; SVO, but SONeg[V-Neg]/SO[Neg-V-Neg]; SOV but SONeg[V-Neg]/S[Neg-V-Neg] O; SVO/VSO, but NegSVONeg; SVO/VSO, but [Neg-V]SO(Neg); SVO/SOV, but SVONeg; SVO/SOV, but SNegVO; SVO/SOV, but SNegOV; SVO/SOV, but SOVNeg	Y	Y	query = upos=VERB > _ upos=PART|AUX&Polarity=Neg	Y	v naslednjem koraku narediti distribucijo odvisnih relacij glede na vrstni red v stavku	moderate	nadaljevanje 143A		Y	difficult
144D	https://wals.info/feature/144D	The Position of Negative Morphemes in SVO Languages	What is the position of negative morphemes in SVO languages?	Word Order	Y	SNegVO	NegSVO; SNegVO; SVNegO; SVONeg; S[Neg-V]O; S[V-Neg]O; SVO with tonal negation; VSO in affirmative clauses, but NegSVO; SVO/SOV in affirmative clauses, but SVONeg; SVO/SOV in affirmative clauses, but SNegVO; Other SVO with preverbal negative word; Other SVO with postverbal negative word; More than one negative construction; SVO with obligatory double negation; SVO with optional double negation							nadaljevanje 143A in aplikacija na specifičen tip jezika, nima smisla, da je to poseben feature		Y	difficult
144E	https://wals.info/feature/144E	Multiple Negative Constructions in SVO Languages	How are multiple negative constructions formed in SVO languages?	Word Order	N		SNegVO/SVNegO; NegSVO/SNegVO; NegSVO/SVNegO; SNegVO/SVONeg; SVNegO/SVONeg; SVO & Flexible Neg; SNegVO/S[V-Neg]O; S[Neg-V]O/SVNegO; NegSVO/SNegVO/S[V-Neg]O; SNegVO/NegVSO; SVONeg/VSONeg; NegSVO/NegVOS; SNegVO/NegVOS; S[Neg-V]O/[Neg-V]OS; SVONeg/SONegV; SVNegO/SOVNeg; SVONeg/SNegOV/SOVNeg; NegSVO/SVNegO/NegSOV/SNegOV; SNegVO/SONegV/SVONeg/SOVNeg; S[Neg-V]O/SO[Neg-V]; S[V-Neg]O/SO[V-Neg]; SNegVO/SONegV/S[Neg-V]O/SO[Neg-V]; NegSVO/O[Neg-V]S; SVO & NegV/VNeg; SVO & NegV/[V-Neg]; SVO/VSO & NegV; SVO/VOS & NegV; SVO/SOV & NegV/VNeg							nadaljevanje 143A in aplikacija na specifičen tip jezika, nima smisla, da je to poseben feature		Y	difficult
144F	https://wals.info/feature/144F	Obligatory Double Negation in SVO languages	Is double negation obligatory in SVO languages?	Word Order	N		SNegVONeg; SNegVNegO; SVNegONeg; SVO/VSO in affirmative clauses but NegSVONeg; S[Neg-V]ONeg; SNeg[V-Neg]O; S[Neg-V]NegO; NegS[V-Neg]O; S[Neg-V-Neg]O; SVNegO with negative tone on verb; S[Neg-V]O with negative tone on verb; SNegNegVO/SNegVNegO; SNegVNegO/SNegVONeg; SNegVONeg/S[Neg-V]ONeg; (Neg)S(Neg)VONeg (at least one of the preverbal Negs); SNeg[V-Neg]O and negative tone on verb / SNegVNegO; S(Neg)[Neg-V-Neg]O; SNeg[V(-Neg)]ONeg/S[Neg-V(-Neg)]ONeg; SNegVONeg/SNegOVNeg; SVONeg with negative tone on verb / SNegOVNeg; SNegVONeg/SVNegONeg/NegVOSNeg/VNegOSNeg; SVO & NegVNeg; S[Neg-V]O & NegV							nadaljevanje 143A in aplikacija na specifičen tip jezika, nima smisla, da je to poseben feature	spet dvojna negacija	N	
144G	https://wals.info/feature/144G	Optional Double Negation in SVO languages	Is double negation optional in SVO languages?	Word Order	N		SNegVO(Neg); S(Neg)VONeg; S(Neg)VNegO; SNegV(Neg)O; (Neg)SVONeg; SVNegO(Neg); NegS[V(-Neg)]O; S[(Neg-)V]NegO; S[Neg-V]O(Neg); SNegVO or SVNegO with tone on verb; S(Neg)[V(-Neg)]O; S[Neg-V(-Neg)]O; (Neg)SVONeg/S(Neg)VONeg; S[Neg-V]O/NegSVNegO; SNeg[V-Neg]O/S[Neg-V-Neg]O; S[V(-Neg)]O & NegV; SVO/SOV & (Neg)[V-Neg]; SVO/VSO & NegV/VNeg/NegVNeg							nadaljevanje 143A in aplikacija na specifičen tip jezika, nima smisla, da je to poseben feature		N	
144H	https://wals.info/feature/144H	NegSVO Order	What is the NegSVO order?	Word Order	Y	No NegSVO	Separate word, no double negation; Separate word, optional double negation, with NegSVO possible without a second negative; Separate word, only occurs with another negative morpheme; SVO but NegSVO does not occur							nadaljevanje 143A in aplikacija na specifičen tip jezika, nima smisla, da je to poseben feature		Y	difficult
144I	https://wals.info/feature/144I	SNegVO Order	What is the SNegVO order?	Word Order	Y	Word&NoDoubleNeg	Separate word, no double negation; Prefix, no double negation; Separate word, optional double negation, with SNegVO possible without a second negative; Prefix, optional double negation, with SNegVO possible without a second negative; Separate word, only occurs with another negative morpheme; Prefix, only occurs with							nadaljevanje 143A in aplikacija na specifičen tip jezika, nima smisla, da je to poseben feature		Y	difficult
144J	https://wals.info/feature/144J	SVNegO Order	What is the SVNegO order?	Word Order	Y	No SVNegO	Separate word, no double negation; Suffix, no double negation; Separate word, optional double negation, with SVNegO possible without a second negative; Suffix, optional double negation, with SVNegO possible without a second negative; Separate word, only occurs with another negative morpheme; Suffix, only occurs with another negative morpheme; SVO, but SVNegO does not occur							nadaljevanje 143A in aplikacija na specifičen tip jezika, nima smisla, da je to poseben feature		Y	difficult
144K	https://wals.info/feature/144K	SVONeg Order	What is the SVONeg order?	Word Order	Y	No SVONeg	Separate word, no double negation; Separate word, optional double negation, with SVONeg possible without a second negative; Separate word, only occurs with another negative morpheme; SVO but SVONeg does not occur							nadaljevanje 143A in aplikacija na specifičen tip jezika, nima smisla, da je to poseben feature		Y	difficult
144L	https://wals.info/feature/144L	The Position of Negative Morphemes in SOV Languages	What is the position of negative morphemes in SOV languages?	Word Order	N		NegSOV; SNegOV; SONegV; SOVNeg; SO[Neg-V]; SO[V-Neg]; SNegOV but SVO in affirmative clauses; SONegV but SVO in affirmative clauses; SOVNeg but SVO in affirmative clauses; SO[V-Neg] but SVO in affirmative clauses; SO[Neg-V] but SVO in affirmative clauses; SNegOV but SVO/SOV in affirmative clauses; SOVNeg but SVO/SOV in affirmative clauses; Other SOV with preverbal negative word; More than one negative construction; SOV with obligatory double negation; SOV with optional double negation; SV & OV & NegV; SV & OV & VNeg; SV & OV & negative prefix; SV & OV & negative suffix; SV & OV with immediately preverbal negative word; SV & OV with clause-initial negative word							nadaljevanje 143A in aplikacija na specifičen tip jezika, nima smisla, da je to poseben feature		Y	difficult
144M	https://wals.info/feature/144M	Multiple Negative Constructions in SOV Languages	How are multiple negative constructions formed in SOV languages?	Word Order	N		SONegV/SOVNeg; SNegOV/SONegV; NegSOV/SNegOV/SONegV; NegSOV or SOV with second position negative word; SOVNeg/SO[V-Neg]; SO[Neg-V]/SO[V-Neg]; SO[Neg-V] or SOV with negative infix; SNegOV/SONegV/SO[V-Neg]; SONegV/SVONeg; SOVNeg/SVNegO; SNegOV/SOVNeg/SVONeg; NegSOV/SNegOV/NegSVO/SVNegO; SONegV/SOVNeg/SNegVO/SVONeg; SO[Neg-V]/S[Neg-V]O; SO[V-Neg]/S[V-Neg]O; SONegV/SO[Neg-V]/SNegVO/S[Neg-V]O; NegSOV/NegOVS; SOVNeg/OVNegS; SO[V-Neg]/O[V-Neg]S; SOV & NegV/VNeg; SOV & NegV/[Neg-V]; SOV & NegV/[V-Neg]; SOV & NegV/VNeg; SV & OV & NegV/VNeg; SV & OV & NegV/[V-Neg]; SV & OV & [Neg-V]/[V-Neg]; SV & OV & VNeg/[V-Neg]							nadaljevanje 143A in aplikacija na specifičen tip jezika, nima smisla, da je to poseben feature		Y	difficult
144N	https://wals.info/feature/144N	Obligatory Double Negation in SOV languages	Is double negation obligatory in SOV languages?	Word Order	N		SONegVNeg; NegSNegOV but SVO in affirmative clauses; NegSO[V-Neg]; SONeg[V-Neg]; SO[Neg-V]Neg; SO[Neg-V-Neg]; SO[Neg-V] with negative tone on verb SO[Neg-V]&NegTone; SONegVNeg/SONeg[V-Neg]; SONeg[V-Neg]/SO[Neg-V-Neg] but SVO in affirmative clauses; SNegO[V-Neg]/SONeg[V-Neg]; SO[V-Neg]Neg with optional negative prefix or infix; SNegOVNeg/SNegVONeg; SNegOVNeg or SVONeg with negative tone on verb; SOV & NegVNeg; SOV & Neg[V-Neg]; SOV & Neg[Neg-V]; SV & OV & Neg[V-Neg]; SV & OV & [Neg-V-Neg]							nadaljevanje 143A in aplikacija na specifičen tip jezika, nima smisla, da je to poseben feature		N	
144O	https://wals.info/feature/144O	Optional Double Negation in SOV languages	Is double negation optional in SOV languages?	Word Order	N		NegSOV(Neg); S(Neg)OVNeg; SNegOV(Neg); SNegO[V(-Neg)]; SO[(Neg-)V]Neg; SO[Neg-V(-Neg)]; SO[(Neg-)V-Neg]; SOV-Neg; SOVNeg/SO[Neg-V-Neg]; SNegOV(-Neg); S[Neg-V-Neg]O/SO[V-Neg] but SOV in affirmative clauses; SO[Neg-V-(Neg)]/SOVNeg; (Neg)SOVNeg/S(Neg)OVNeg/SO(Neg)VNeg; S(Neg)O[V(-Neg)]/SO(Neg)[V(-Neg)]; SOV & (Neg)[V-Neg]; SOV & (Neg)[V(-Neg)]; SOV/SVO & Neg[V-(Neg)]; SV & OV & (Neg)V(Neg); SV & OV & (Neg)[V-Neg]; SV & OV & [Neg-V(-Neg)]; SV & OV & [(Neg-)V-Neg]							nadaljevanje 143A in aplikacija na specifičen tip jezika, nima smisla, da je to poseben feature		N	
144P	https://wals.info/feature/144P	NegSOV Order	What is the NegSOV order?	Word Order	N		Separate word, no double negation; Separate word, optional double negation, with NegSOV possible without a second negative; Separate word, only occurs with another negative morpheme; SOV, but NegSOV does not occur							nadaljevanje 143A in aplikacija na specifičen tip jezika, nima smisla, da je to poseben feature		Y	difficult
144Q	https://wals.info/feature/144Q	SNegOV Order	What is the SNegOV order?	Word Order	N		Separate word, no double negation; Separate word, optional double negation, with SNegOV possible without a second negative; Separate word, only occurs with another negative morpheme; SOV, but SNegOV does not occur							nadaljevanje 143A in aplikacija na specifičen tip jezika, nima smisla, da je to poseben feature		Y	difficult
144R	https://wals.info/feature/144R	SONegV Order	What is the SONegV order?	Word Order	N		Separate word, no double negation; Prefix, no double negation; Separate word, optional double negation, with SONegV possible without a second negative; Prefix, optional double negation, with SONegV possible without a second negative; Separate word, only occurs with another negative morpheme; Prefix, only occurs with another negative morpheme; Type 1 / Type 2; SOV, but SONegV does not occur							nadaljevanje 143A in aplikacija na specifičen tip jezika, nima smisla, da je to poseben feature		Y	difficult
144S	https://wals.info/feature/144S	SOVNeg Order	What is the SOVNeg order?	Word Order	N		Separate word, no double negation; Suffix, no double negation; Separate word, optional double negation, with SONegV possible without a second negative; Suffix, optional double negation, with SONegV possible without a second negative; Separate word, only occurs with another negative morpheme; Suffix, only occurs with another negative morpheme; Type 1 / Type 2; Type 1 / Type 6; Type 5 / Type 4; Type 5 / Type 6; SOV, but SOVNeg does not occur							nadaljevanje 143A in aplikacija na specifičen tip jezika, nima smisla, da je to poseben feature		Y	difficult
144T	https://wals.info/feature/144T	The Position of Negative Morphemes in Verb-Initial Languages	What is the position of negative morphemes in verb-initial languages?	Word Order	N		NegVSO; VSNegO; VSONeg; NegVOS; NegVSO/NegVOS; NegV & VS & VO; NegVSO but SVO in affirmative clauses; VSO with negative prefix; VOS with negative prefix; VOS with negative suffix; [V-Neg] & VS & VO; NegVSO/[Neg-V]SO; NegVOS/[Neg-V]OS; NegVSO/SNegVO; VSONeg/SVONeg; NegVOS/NegSVO; NegVOS/SNegVO; [Neg-V]OS/S[Neg-V]O; NegV & VSO/SVO; NegV & VOS/SVO; Verb-initial with optional single negation; Verb-initial with obligatory double negation; Verb-initial with optional double negation							nadaljevanje 143A in aplikacija na specifičen tip jezika, nima smisla, da je to poseben feature		Y	difficult
144U	https://wals.info/feature/144U	Double negation in verb-initial languages	Is double negation present in verb-initial languages?	Word Order	N		NegVNegSO; NegVNegOS; NegVSONeg; NegNegVSO; VNegSONeg; VS & VO & [Neg-V-Neg]; NegVOSNeg/VNegOSNeg/SNegVONeg/SVNegONeg; V(Neg)SONeg; Neg(Neg)VSO; NegVSO/[Neg-V-Neg]SO; NegVSO with optional stem change; [Neg-V]SO(Neg) but SVO/VSO in affirmative clauses; VS & VO & Neg[(Neg-)V]; VS & VO & NegV/[(Neg-)V-Neg]; VOS & NegVNeg; VSO/SVO & (Neg)V(Neg)							nadaljevanje 143A in aplikacija na specifičen tip jezika, nima smisla, da je to poseben feature		N	
144V	https://wals.info/feature/144V	Verb-Initial with Preverbal Negative	What is the verb-initial order with a preverbal negative?	Word Order	N		Separate word, no double negation; Prefix, no double negation; Separate word, optional single or double negation, with preverbal negative word possible without a second negative; Prefix, optional double negation, with negative prefix possible without a second negative; Separate word, only occurs with another negative morpheme; Prefix, only occurs with another negative morpheme; Type 1 / Type 2; Type 3 / Type 6; Verb-initial but preverbal negative does not occur							nadaljevanje 143A in aplikacija na specifičen tip jezika, nima smisla, da je to poseben feature		Y	difficult
144W	https://wals.info/feature/144W	Verb-Initial with Negative that is Immediately Postverbal or between Subject and Object	What is the verb-initial order with a negative that is immediately postverbal or between subject and object?	Word Order	N		Suffix, no double negation; Separate word, immediately following verb, only occurs with another negative morpheme; Suffix, optional double negation, can occur without a second negative; Suffix, only occurs with another negative morpheme; Separate word, between subject and object; Verb-initial but immediately postverbal negative or negative between subject and object does not occur							nadaljevanje 143A in aplikacija na specifičen tip jezika, nima smisla, da je to poseben feature		Y	difficult
144X	https://wals.info/feature/144X	Verb-Initial with Clause-Final Negative	What is the verb-initial order with a clause-final negative?	Word Order	N		Separate word, no double negation; Separate word, optional double negation, with clause-final negative word possible without a second negative; Separate word, only occurs with another negative morpheme; Verb-initial but clause-final negative does not occur							nadaljevanje 143A in aplikacija na specifičen tip jezika, nima smisla, da je to poseben feature		Y	difficult
144Y	https://wals.info/feature/144Y	The Position of Negative Morphemes in Object-Initial Languages	What is the position of negative morphemes in object-initial languages?	Word Order	N		ONegVS; OVNegS; OSVNeg; O[V-Neg]S; OS(Neg)[V(-Neg)]; O[Neg-V-Neg]S; OVNegS/SOVNeg; NegOVS/NegSOV; O[V-Neg]S/SO[V-Neg]; O[Neg-V]S/NegSVO; OVS & NegV							nadaljevanje 143A in aplikacija na specifičen tip jezika, nima smisla, da je to poseben feature		Y	difficult