Tree	Node A-form	Node B-form	Node C-form	Absolute frequency	Relative frequency	Order	Number of nodes	Head node
حکومت <nsubj کام <obj کرنا	حکومت	کام	کرنا	48	75.5	ABC	3	کرنا
حکومت <nsubj کمیشن <obj بنائی	حکومت	کمیشن	بنائی	36	56.6	ABC	3	بنائی
حکومت <nsubj اقدامات <obj اٹھائے	حکومت	اقدامات	اٹھائے	30	47.2	ABC	3	اٹھائے
فلم <nsubj جمعیت <obj کرتی	فلم	جمعیت	کرتی	30	47.2	ABC	3	کرتی
حکومت <nsubj روپے <obj کئے	حکومت	روپے	کئے	27	42.4	ABC	3	کئے
مہندسوں <nsubj حرکت <obj کی	مہندسوں	حرکت	کی	27	42.4	ABC	3	کی
حکومت <nsubj اقدامات <obj کی	حکومت	اقدامات	کی	26	40.9	ABC	3	کی
پولیس <nsubj تدابیر <obj اٹھائیں	پولیس	تدابیر	اٹھائیں	26	40.9	ABC	3	اٹھائیں
حکومت <nsubj تنظیموں <obj کرنی	حکومت	تنظیموں	کرنی	24	37.7	ABC	3	کرنی
مشورے <obj کھلاڑی <nsubj اٹھاتے	مشورے	کھلاڑی	اٹھاتے	24	37.7	ABC	3	اٹھاتے
بعض <nsubj پہچان <obj کی	بعض	پہچان	کی	23	36.2	ABC	3	کی
حکومت <nsubj سفیر <obj کیا	حکومت	سفیر	کیا	23	36.2	ABC	3	کیا
فینز <nsubj تقریبیں <obj منائیں	فینز	تقریبیں	منائیں	23	36.2	ABC	3	منائیں
برانڈز <nsubj ملبوسات <obj کئے	برانڈز	ملبوسات	کئے	22	34.6	ABC	3	کئے
کمپنی <nsubj مواقع <obj کرے	کمپنی	مواقع	کرے	22	34.6	ABC	3	کرے
بینک <nsubj ریکارڈ <obj کیا	بینک	ریکارڈ	کیا	21	33.0	ABC	3	کیا
لوگوں <nsubj دلچسپی <obj کی	لوگوں	دلچسپی	کی	21	33.0	ABC	3	کی
لوگوں <nsubj طریقے <obj کئے	لوگوں	طریقے	کئے	21	33.0	ABC	3	کئے
مصنفوں <nsubj شاعری <obj کیا	مصنفوں	شاعری	کیا	21	33.0	ABC	3	کیا
کرکٹرز <nsubj کھلاڑیوں <obj دی	کرکٹرز	کھلاڑیوں	دی	21	33.0	ABC	3	دی
آواز <obj لوگوں <nsubj کیا	آواز	لوگوں	کیا	20	31.4	ABC	3	کیا
لوگ <nsubj پوسٹ <obj دیکھ	لوگ	پوسٹ	دیکھ	20	31.4	ABC	3	دیکھ
کرکٹرز <nsubj خراج <obj دینا	کرکٹرز	خراج	دینا	20	31.4	ABC	3	دینا
کھلاڑیوں <nsubj بلےبازی <obj دیا	کھلاڑیوں	بلےبازی	دیا	20	31.4	ABC	3	دیا
تصاویر <nsubj فینز <obj کر	تصاویر	فینز	کر	19	29.9	ABC	3	کر
شائقین <nsubj تقریبات <obj منائیں	شائقین	تقریبات	منائیں	19	29.9	ABC	3	منائیں
شہریوں <nsubj تقریبات <obj منائیں	شہریوں	تقریبات	منائیں	19	29.9	ABC	3	منائیں
صارفین <nsubj پلان <obj کر	صارفین	پلان	کر	19	29.9	ABC	3	کر
فیصلہ <nsubj موقع <obj کرتا	فیصلہ	موقع	کرتا	19	29.9	ABC	3	کرتا
مشن <obj پرواز <nsubj کیا	مشن	پرواز	کیا	19	29.9	ABC	3	کیا
ٹیم <nsubj وکٹیں <obj دی	ٹیم	وکٹیں	دی	19	29.9	ABC	3	دی
برانڈز <nsubj پیشکشیں <obj کی	برانڈز	پیشکشیں	کی	18	28.3	ABC	3	کی
بولرز <nsubj مشکلات <obj کیں	بولرز	مشکلات	کیں	18	28.3	ABC	3	کیں
ٹیم <nsubj ریکارڈ <obj کیا	ٹیم	ریکارڈ	کیا	18	28.3	ABC	3	کیا
برانڈز <nsubj ڈیلز <obj کئے	برانڈز	ڈیلز	کئے	17	26.7	ABC	3	کئے
حکومت <nsubj امداد <obj کی	حکومت	امداد	کی	17	26.7	ABC	3	کی
صارفین <nsubj کوڈ <obj کرنا	صارفین	کوڈ	کرنا	17	26.7	ABC	3	کرنا
فیصلہ <nsubj دور <obj کرے	فیصلہ	دور	کرے	17	26.7	ABC	3	کرے
ٹیم <nsubj کامیابی <obj کرنی	ٹیم	کامیابی	کرنی	17	26.7	ABC	3	کرنی
کھلاڑیوں <nsubj کام <obj کیا	کھلاڑیوں	کام	کیا	17	26.7	ABC	3	کیا
ارکان <nsubj ناراض <obj ہیں	ارکان	ناراض	ہیں	16	25.2	ABC	3	ہیں
ایپ <nsubj تحذیرات <obj دیتی	ایپ	تحذیرات	دیتی	16	25.2	ABC	3	دیتی
حکومت <nsubj منصوبے <obj کئے	حکومت	منصوبے	کئے	16	25.2	ABC	3	کئے
صارف <nsubj سیکیورٹی <obj بنا	صارف	سیکیورٹی	بنا	16	25.2	ABC	3	بنا
صارفین <nsubj ٹوئیٹس <obj کر	صارفین	ٹوئیٹس	کر	16	25.2	ABC	3	کر
مالک <nsubj بیان <obj کیا	مالک	بیان	کیا	16	25.2	ABC	3	کیا
حکومت <nsubj مقدمہ <obj کیا	حکومت	مقدمہ	کیا	15	23.6	ABC	3	کیا
دہندگان <nsubj تاریخ <obj کر	دہندگان	تاریخ	کر	15	23.6	ABC	3	کر
صارفین <nsubj فلٹرز <obj کرسکتے	صارفین	فلٹرز	کرسکتے	15	23.6	ABC	3	کرسکتے
لوگوں <nsubj خوبصورتی <obj کیا	لوگوں	خوبصورتی	کیا	15	23.6	ABC	3	کیا
مدیران <nsubj بتایا >obj فراہمی	مدیران	بتایا	فراہمی	15	23.6	ABC	3	بتایا
ٹیم <nsubj عنوان <obj کیا	ٹیم	عنوان	کیا	15	23.6	ABC	3	کیا
کارروائی <nsubj فینز <obj بتایا	کارروائی	فینز	بتایا	15	23.6	ABC	3	بتایا
حکومت <nsubj ہدایات <obj کر	حکومت	ہدایات	کر	14	22.0	ABC	3	کر
فلم <nsubj کہانی <obj کرتی	فلم	کہانی	کرتی	14	22.0	ABC	3	کرتی
لیب <nsubj موقع <obj کرتا	لیب	موقع	کرتا	14	22.0	ABC	3	کرتا
ٹیم <nsubj کامیابی <obj کی	ٹیم	کامیابی	کی	14	22.0	ABC	3	کی
ڈیزائنرز <nsubj ویڈیوز <obj کیں	ڈیزائنرز	ویڈیوز	کیں	14	22.0	ABC	3	کیں
حکومت <nsubj کام <obj کر	حکومت	کام	کر	13	20.4	ABC	3	کر
لوگوں <nsubj فوائد <obj ہوں	لوگوں	فوائد	ہوں	13	20.4	ABC	3	ہوں
فینز <nsubj ٹیگز <obj کر	فینز	ٹیگز	کر	12	18.9	ABC	3	کر
لوگوں <nsubj پیسے <obj کرنے	لوگوں	پیسے	کرنے	12	18.9	ABC	3	کرنے
حکومت <nsubj کار <obj کرنا	حکومت	کار	کرنا	11	17.3	ABC	3	کرنا
دوستوں <nsubj یادگاریاں <obj کیں	دوستوں	یادگاریاں	کیں	11	17.3	ABC	3	کیں
جانور <nsubj دانتوں <obj گھسا	جانور	دانتوں	گھسا	10	15.7	ABC	3	گھسا
کریدٹرز <nsubj اثر <obj ہو	کریدٹرز	اثر	ہو	10	15.7	ABC	3	ہو
صارفین <nsubj ڈیٹا <obj کرنا	صارفین	ڈیٹا	کرنا	9	14.1	ABC	3	کرنا
ٹیم <nsubj فینز <obj کر	ٹیم	فینز	کر	9	14.1	ABC	3	کر
الاقوامی <nsubj بیک <obj کرنے	الاقوامی	بیک	کرنے	8	12.6	ABC	3	کرنے
صارفین <nsubj معلومات <obj کرنے	صارفین	معلومات	کرنے	8	12.6	ABC	3	کرنے
فینز <nsubj کمپنی <obj دی	فینز	کمپنی	دی	8	12.6	ABC	3	دی
لوگ <nsubj مہک <obj سونگھ	لوگ	مہک	سونگھ	8	12.6	ABC	3	سونگھ
لوگوں <nsubj قرضے <obj لینے	لوگوں	قرضے	لینے	8	12.6	ABC	3	لینے
لوگوں <nsubj پاکستانیوں <obj ہے	لوگوں	پاکستانیوں	ہے	8	12.6	ABC	3	ہے
معاہدہ <nsubj فرصت <obj کرے	معاہدہ	فرصت	کرے	8	12.6	ABC	3	کرے
مواد <nsubj پروٹینز <obj کرتے	مواد	پروٹینز	کرتے	8	12.6	ABC	3	کرتے
کامیابی <nsubj باب <obj کھول	کامیابی	باب	کھول	8	12.6	ABC	3	کھول
کرکٹر <nsubj کہا >obj استعمال	کرکٹر	کہا	استعمال	8	12.6	ABC	3	کہا
کمپنی <nsubj ایپلیکیشن <obj کی	کمپنی	ایپلیکیشن	کی	8	12.6	ABC	3	کی
فینز <nsubj کیک <obj کیا	فینز	کیک	کیا	7	11.0	ABC	3	کیا
لوگ <nsubj ٹیکس <obj دیتے	لوگ	ٹیکس	دیتے	7	11.0	ABC	3	دیتے
کرکٹر <nsubj کہا >obj پلے	کرکٹر	کہا	پلے	7	11.0	ABC	3	کہا
اداروں <nsubj فہرست <obj کی	اداروں	فہرست	کی	6	9.4	ABC	3	کی
ایپ <nsubj معلومات <obj کرتی	ایپ	معلومات	کرتی	6	9.4	ABC	3	کرتی
جونز <nsubj کمی <obj دیکھی	جونز	کمی	دیکھی	6	9.4	ABC	3	دیکھی
حکومت <nsubj آلات <obj کرے	حکومت	آلات	کرے	6	9.4	ABC	3	کرے
طبقہ <nsubj ٹیکس <obj دیں	طبقہ	ٹیکس	دیں	6	9.4	ABC	3	دیں
مظاہرے <obj لوگ <nsubj دیکھنے	مظاہرے	لوگ	دیکھنے	6	9.4	ABC	3	دیکھنے
منظمین <nsubj بیان <obj کیا	منظمین	بیان	کیا	6	9.4	ABC	3	کیا
ٹیم <nsubj ٹیم <obj روک	ٹیم	ٹیم	روک	6	9.4	ABC	3	روک
کھلاڑیوں <nsubj کھیل <obj کھیلا	کھلاڑیوں	کھیل	کھیلا	6	9.4	ABC	3	کھیلا
بولرز <nsubj بیٹسمین <obj کر	بولرز	بیٹسمین	کر	5	7.9	ABC	3	کر
حکام <nsubj کاروائیوں <obj بڑھایا	حکام	کاروائیوں	بڑھایا	5	7.9	ABC	3	بڑھایا
حکومت <nsubj تجویز <obj کی	حکومت	تجویز	کی	5	7.9	ABC	3	کی
سائنسدانوں <nsubj طریقہ <obj کیا	سائنسدانوں	طریقہ	کیا	5	7.9	ABC	3	کیا
صارفین <nsubj معلومات <obj کر	صارفین	معلومات	کر	5	7.9	ABC	3	کر
ٹیم <nsubj تیاریاں <obj کردی	ٹیم	تیاریاں	کردی	5	7.9	ABC	3	کردی
ٹیم <nsubj جیت <obj کی	ٹیم	جیت	کی	5	7.9	ABC	3	کی
ٹیم <nsubj ٹاس <obj جیتا	ٹیم	ٹاس	جیتا	5	7.9	ABC	3	جیتا
اضافہ <nsubj تعمیرات <obj بنا	اضافہ	تعمیرات	بنا	4	6.3	ABC	3	بنا
ایپ <nsubj امن <obj کرتی	ایپ	امن	کرتی	4	6.3	ABC	3	کرتی
تقریب <nsubj خاندان <obj بلایا	تقریب	خاندان	بلایا	4	6.3	ABC	3	بلایا
تقریب <nsubj دوستوں <obj بلایا	تقریب	دوستوں	بلایا	4	6.3	ABC	3	بلایا
حکومت <nsubj حل <obj کرنا	حکومت	حل	کرنا	4	6.3	ABC	3	کرنا
خبر <nsubj لوگوں <obj دکھ	خبر	لوگوں	دکھ	4	6.3	ABC	3	دکھ
دونوں <nsubj کام <obj کیا	دونوں	کام	کیا	4	6.3	ABC	3	کیا
صارفین <nsubj ایپ <obj کرنا	صارفین	ایپ	کرنا	4	6.3	ABC	3	کرنا
فیچر <nsubj معلومات <obj کرتا	فیچر	معلومات	کرتا	4	6.3	ABC	3	کرتا
لائن <nsubj کام <obj کیا	لائن	کام	کیا	4	6.3	ABC	3	کیا
ٹیم <nsubj کھیل <obj کھیلا	ٹیم	کھیل	کھیلا	4	6.3	ABC	3	کھیلا
پتے <nsubj رنگوں <obj کرنے	پتے	رنگوں	کرنے	4	6.3	ABC	3	کرنے
کھلاڑیوں <nsubj ٹینس <obj کھیلا	کھلاڑیوں	ٹینس	کھیلا	4	6.3	ABC	3	کھیلا
آرٹسٹس <nsubj اجازت <obj کرنی	آرٹسٹس	اجازت	کرنی	3	4.7	ABC	3	کرنی
ایپ <nsubj معلومات <obj کر	ایپ	معلومات	کر	3	4.7	ABC	3	کر
بولرز <nsubj کردار <obj کیا	بولرز	کردار	کیا	3	4.7	ABC	3	کیا
تصویر <nsubj ذہن <obj گھما	تصویر	ذہن	گھما	3	4.7	ABC	3	گھما
حکومت <nsubj رقم <obj کی	حکومت	رقم	کی	3	4.7	ABC	3	کی
حکومت <nsubj شرائط <obj کرے	حکومت	شرائط	کرے	3	4.7	ABC	3	کرے
شرکاء <nsubj روابط <obj کر	شرکاء	روابط	کر	3	4.7	ABC	3	کر
صارفین <nsubj سرچ <obj کر	صارفین	سرچ	کر	3	4.7	ABC	3	کر
صارفین <nsubj چیٹس <obj کر	صارفین	چیٹس	کر	3	4.7	ABC	3	کر
عوام <nsubj سہولت <obj اٹھا	عوام	سہولت	اٹھا	3	4.7	ABC	3	اٹھا
عوام <nsubj پیسے <obj کرنے	عوام	پیسے	کرنے	3	4.7	ABC	3	کرنے
فنکاروں <nsubj راستے <obj کرنے	فنکاروں	راستے	کرنے	3	4.7	ABC	3	کرنے
فورسز <nsubj حرکتوں <obj کر	فورسز	حرکتوں	کر	3	4.7	ABC	3	کر
لائن <nsubj لائن <obj بنا	لائن	لائن	بنا	3	4.7	ABC	3	بنا
لائن <nsubj کامیابی <obj کی	لائن	کامیابی	کی	3	4.7	ABC	3	کی
لوگ <nsubj دوستوں <obj رکھ	لوگ	دوستوں	رکھ	3	4.7	ABC	3	رکھ
لوگ <nsubj کہتے >obj مالک	لوگ	کہتے	مالک	3	4.7	ABC	3	کہتے
ٹیم <nsubj رنز <obj بنائے	ٹیم	رنز	بنائے	3	4.7	ABC	3	بنائے
ٹیم <nsubj فتح <obj کرلی	ٹیم	فتح	کرلی	3	4.7	ABC	3	کرلی
ٹیم <nsubj پرفارمنس <obj دی	ٹیم	پرفارمنس	دی	3	4.7	ABC	3	دی
ٹیم <nsubj کرنسی <obj کر	ٹیم	کرنسی	کر	3	4.7	ABC	3	کر
ٹیم <nsubj کرکٹ <obj کھیل	ٹیم	کرکٹ	کھیل	3	4.7	ABC	3	کھیل
ٹیم <nsubj کرکٹ <obj کھیلا	ٹیم	کرکٹ	کھیلا	3	4.7	ABC	3	کھیلا
ٹیموں <nsubj تربیت <obj کر	ٹیموں	تربیت	کر	3	4.7	ABC	3	کر
پاکستانی <nsubj گاڑی <obj لاتا	پاکستانی	گاڑی	لاتا	3	4.7	ABC	3	لاتا
ڈاکٹرز <nsubj جان <obj بچائی	ڈاکٹرز	جان	بچائی	3	4.7	ABC	3	بچائی
کھلاڑیوں <nsubj مردوں <obj چھوڑ	کھلاڑیوں	مردوں	چھوڑ	3	4.7	ABC	3	چھوڑ
اداکار <nsubj کردار <obj کیا	اداکار	کردار	کیا	2	3.1	ABC	3	کیا
اراکین <nsubj پیسے <obj دینے	اراکین	پیسے	دینے	2	3.1	ABC	3	دینے
اسکائپ <nsubj فیچر <obj کیا	اسکائپ	فیچر	کیا	2	3.1	ABC	3	کیا
افراد <nsubj دوستوں <obj رہ	افراد	دوستوں	رہ	2	3.1	ABC	3	رہ
انتظامیہ <nsubj پوسٹ <obj دیکھتی	انتظامیہ	پوسٹ	دیکھتی	2	3.1	ABC	3	دیکھتی
ایڈمنز <nsubj اختیار <obj کر	ایڈمنز	اختیار	کر	2	3.1	ABC	3	کر
بازیگران <nsubj کارکردگی <obj دکھائیں	بازیگران	کارکردگی	دکھائیں	2	3.1	ABC	3	دکھائیں
بولرز <nsubj لائن <obj کر	بولرز	لائن	کر	2	3.1	ABC	3	کر
بولرز <nsubj کرکٹ <obj کھیلی	بولرز	کرکٹ	کھیلی	2	3.1	ABC	3	کھیلی
بوکنگز <nsubj کامیابی <obj کرلی	بوکنگز	کامیابی	کرلی	2	3.1	ABC	3	کرلی
ترکیب <nsubj پھیلاؤ <obj روکنے	ترکیب	پھیلاؤ	روکنے	2	3.1	ABC	3	روکنے
تصویریں <nsubj لوگوں <obj کر	تصویریں	لوگوں	کر	2	3.1	ABC	3	کر
تعلیم <nsubj ضروریات <obj کرتی	تعلیم	ضروریات	کرتی	2	3.1	ABC	3	کرتی
جوڑی <nsubj کام <obj کیا	جوڑی	کام	کیا	2	3.1	ABC	3	کیا
جیت <nsubj جگہ <obj رکھی	جیت	جگہ	رکھی	2	3.1	ABC	3	رکھی
حکومت <nsubj سسٹم <obj کیا	حکومت	سسٹم	کیا	2	3.1	ABC	3	کیا
حکومت <nsubj فیصلے <obj سمجھا	حکومت	فیصلے	سمجھا	2	3.1	ABC	3	سمجھا
حکومت <nsubj مسائل <obj کرے	حکومت	مسائل	کرے	2	3.1	ABC	3	کرے
حکومت <nsubj منصوبہ <obj کیا	حکومت	منصوبہ	کیا	2	3.1	ABC	3	کیا
حکومت <nsubj کہا >obj معاملہ	حکومت	کہا	معاملہ	2	3.1	ABC	3	کہا
خاتون <nsubj حق <obj ہے	خاتون	حق	ہے	2	3.1	ABC	3	ہے
داستان <nsubj شعور <obj کیا	داستان	شعور	کیا	2	3.1	ABC	3	کیا
دوستوں <nsubj تقریبات <obj منائیں	دوستوں	تقریبات	منائیں	2	3.1	ABC	3	منائیں
دیوانوں <nsubj تقریبات <obj منائی	دیوانوں	تقریبات	منائی	2	3.1	ABC	3	منائی
سائنسدانوں <nsubj ترکیب <obj کی	سائنسدانوں	ترکیب	کی	2	3.1	ABC	3	کی
سائنسدانوں <nsubj نتائج <obj کیا	سائنسدانوں	نتائج	کیا	2	3.1	ABC	3	کیا
شائقین <nsubj جشن <obj منایا	شائقین	جشن	منایا	2	3.1	ABC	3	منایا
شاعران <nsubj لوگوں <obj کر	شاعران	لوگوں	کر	2	3.1	ABC	3	کر
شخص <nsubj اینگل <obj دیکھ	شخص	اینگل	دیکھ	2	3.1	ABC	3	دیکھ
شخصیات <nsubj پیغامات <obj بھیجے	شخصیات	پیغامات	بھیجے	2	3.1	ABC	3	بھیجے
شوہر <nsubj درخواست <obj کردی	شوہر	درخواست	کردی	2	3.1	ABC	3	کردی
صارفین <nsubj Speedtest <obj لکھنا	صارفین	Speedtest	لکھنا	2	3.1	ABC	3	لکھنا
صارفین <nsubj اسٹیٹس <obj کرنا	صارفین	اسٹیٹس	کرنا	2	3.1	ABC	3	کرنا
صارفین <nsubj اکاؤنٹ <obj کر	صارفین	اکاؤنٹ	کر	2	3.1	ABC	3	کر
صارفین <nsubj اکاؤنٹ <obj کرنا	صارفین	اکاؤنٹ	کرنا	2	3.1	ABC	3	کرنا
صارفین <nsubj خدمات <obj کر	صارفین	خدمات	کر	2	3.1	ABC	3	کر
صارفین <nsubj دوستوں <obj کر	صارفین	دوستوں	کر	2	3.1	ABC	3	کر
صارفین <nsubj فون <obj بھیجنا	صارفین	فون	بھیجنا	2	3.1	ABC	3	بھیجنا
صارفین <nsubj معلومات <obj کرنا	صارفین	معلومات	کرنا	2	3.1	ABC	3	کرنا
صارفین <nsubj ویڈیوز <obj کرسکتے	صارفین	ویڈیوز	کرسکتے	2	3.1	ABC	3	کرسکتے
صارفین <nsubj چیٹس <obj کرسکتے	صارفین	چیٹس	کرسکتے	2	3.1	ABC	3	کرسکتے
صارفین <nsubj ڈیٹ <obj کرنا	صارفین	ڈیٹ	کرنا	2	3.1	ABC	3	کرنا
طلباء <nsubj موقع <obj کیا	طلباء	موقع	کیا	2	3.1	ABC	3	کیا
طلبہ <nsubj میدان <obj بنا	طلبہ	میدان	بنا	2	3.1	ABC	3	بنا
عوامل <nsubj پتوں <obj کر	عوامل	پتوں	کر	2	3.1	ABC	3	کر
فنکاروں <nsubj میٹم <obj دیا	فنکاروں	میٹم	دیا	2	3.1	ABC	3	دیا
فینز <nsubj معلومات <obj کیں	فینز	معلومات	کیں	2	3.1	ABC	3	کیں
لائن <nsubj کوششوں <obj بنا	لائن	کوششوں	بنا	2	3.1	ABC	3	بنا
لوگ <nsubj معلومات <obj کر	لوگ	معلومات	کر	2	3.1	ABC	3	کر
لوگ <nsubj چیزوں <obj رہیں	لوگ	چیزوں	رہیں	2	3.1	ABC	3	رہیں
لوگ <nsubj گوشوارے <obj کرا	لوگ	گوشوارے	کرا	2	3.1	ABC	3	کرا
لوگو <nsubj شناخت <obj بناتا	لوگو	شناخت	بناتا	2	3.1	ABC	3	بناتا
لوگوں <nsubj تجربات <obj کیے	لوگوں	تجربات	کیے	2	3.1	ABC	3	کیے
لوگوں <nsubj تدابیر <obj کرنے	لوگوں	تدابیر	کرنے	2	3.1	ABC	3	کرنے
لوگوں <nsubj شکریہ <obj کیا	لوگوں	شکریہ	کیا	2	3.1	ABC	3	کیا
لوگوں <nsubj لائن <obj کرنی	لوگوں	لائن	کرنی	2	3.1	ABC	3	کرنی
لوگوں <nsubj پروفائل <obj کرنا	لوگوں	پروفائل	کرنا	2	3.1	ABC	3	کرنا
لوگوں <nsubj پیسے <obj چاہئے	لوگوں	پیسے	چاہئے	2	3.1	ABC	3	چاہئے
مالکوں <nsubj چہرے <obj کرنا	مالکوں	چہرے	کرنا	2	3.1	ABC	3	کرنا
ماں <nsubj شکایت <obj کرائی	ماں	شکایت	کرائی	2	3.1	ABC	3	کرائی
ماہرین <nsubj کیا >obj کمی	ماہرین	کیا	کمی	2	3.1	ABC	3	کیا
مداحوں <nsubj ویڈیوز <obj کیے	مداحوں	ویڈیوز	کیے	2	3.1	ABC	3	کیے
مسئولین <nsubj معاملے <obj کیا	مسئولین	معاملے	کیا	2	3.1	ABC	3	کیا
ملکوں <nsubj ترکیب <obj اپنایا	ملکوں	ترکیب	اپنایا	2	3.1	ABC	3	اپنایا
ناظرین <nsubj کہتے >obj فلم	ناظرین	کہتے	فلم	2	3.1	ABC	3	کہتے
والدین <nsubj تفصیلات <obj بتائیں	والدین	تفصیلات	بتائیں	2	3.1	ABC	3	بتائیں
ٹریلر <nsubj دلچسپی <obj کر	ٹریلر	دلچسپی	کر	2	3.1	ABC	3	کر
ٹیم <nsubj ترکیب <obj آزمایا	ٹیم	ترکیب	آزمایا	2	3.1	ABC	3	آزمایا
ٹیم <nsubj تیاریاں <obj رکھے	ٹیم	تیاریاں	رکھے	2	3.1	ABC	3	رکھے
ٹیم <nsubj سیریز <obj جیتی	ٹیم	سیریز	جیتی	2	3.1	ABC	3	جیتی
ٹیم <nsubj میچ <obj جیتے	ٹیم	میچ	جیتے	2	3.1	ABC	3	جیتے
ٹیم <nsubj ٹیم <obj ہرا	ٹیم	ٹیم	ہرا	2	3.1	ABC	3	ہرا
ٹیم <nsubj کام <obj کر	ٹیم	کام	کر	2	3.1	ABC	3	کر
ٹیم <nsubj کام <obj کیا	ٹیم	کام	کیا	2	3.1	ABC	3	کیا
ٹیم <nsubj کامیابی <obj کر	ٹیم	کامیابی	کر	2	3.1	ABC	3	کر
ٹیم <nsubj کامیابی <obj کرے	ٹیم	کامیابی	کرے	2	3.1	ABC	3	کرے
ٹیم <nsubj کوششوں <obj بنا	ٹیم	کوششوں	بنا	2	3.1	ABC	3	بنا
ٹیموں <nsubj کھیل <obj کھیلا	ٹیموں	کھیل	کھیلا	2	3.1	ABC	3	کھیلا
پولیس <nsubj ملزم <obj کر	پولیس	ملزم	کر	2	3.1	ABC	3	کر
ڈانسرز <nsubj ترقیبوں <obj دکھایا	ڈانسرز	ترقیبوں	دکھایا	2	3.1	ABC	3	دکھایا
ڈیزائنرز <nsubj ایوارڈز <obj جیتے	ڈیزائنرز	ایوارڈز	جیتے	2	3.1	ABC	3	جیتے
ڈیزائنرز <nsubj تصاویر <obj کیں	ڈیزائنرز	تصاویر	کیں	2	3.1	ABC	3	کیں
کارکنان <nsubj تکنیک <obj سیکھیں	کارکنان	تکنیک	سیکھیں	2	3.1	ABC	3	سیکھیں
کارکنان <nsubj مشین <obj کی	کارکنان	مشین	کی	2	3.1	ABC	3	کی
کمپنیوں <nsubj کارخانوں <obj کرنا	کمپنیوں	کارخانوں	کرنا	2	3.1	ABC	3	کرنا
کمپیوٹر <nsubj ورژن <obj کرسکتا	کمپیوٹر	ورژن	کرسکتا	2	3.1	ABC	3	کرسکتا
کوالٹی <obj کمپنی <nsubj پہنچ	کوالٹی	کمپنی	پہنچ	2	3.1	ABC	3	پہنچ
کھلاڑیوں <nsubj تربیت <obj کی	کھلاڑیوں	تربیت	کی	2	3.1	ABC	3	کی
کھلاڑیوں <nsubj تیاریاں <obj رکھنی	کھلاڑیوں	تیاریاں	رکھنی	2	3.1	ABC	3	رکھنی
کھلاڑیوں <nsubj جگہ <obj بنائی	کھلاڑیوں	جگہ	بنائی	2	3.1	ABC	3	بنائی
کھلاڑیوں <nsubj دفاع <obj بنایا	کھلاڑیوں	دفاع	بنایا	2	3.1	ABC	3	بنایا
کھلاڑیوں <nsubj سبق <obj کیا	کھلاڑیوں	سبق	کیا	2	3.1	ABC	3	کیا
کھلاڑیوں <nsubj کامیابی <obj منایا	کھلاڑیوں	کامیابی	منایا	2	3.1	ABC	3	منایا
کھلاڑیوں <nsubj کامیابی <obj کی	کھلاڑیوں	کامیابی	کی	2	3.1	ABC	3	کی
ہار <nsubj آدات <obj سکھائے	ہار	آدات	سکھائے	2	3.1	ABC	3	سکھائے
addition <nsubj enhance >obj experience	addition	enhance	experience	1	1.6	ABC	3	enhance
addition <nsubj technology <obj enhance	addition	technology	enhance	1	1.6	ABC	3	enhance
phones <nsubj feature >obj cameras	phones	feature	cameras	1	1.6	ABC	3	feature
phones <nsubj have >obj life	phones	have	life	1	1.6	ABC	3	have
phones <nsubj use >obj detect	phones	use	detect	1	1.6	ABC	3	use
report <nsubj revealed >obj evidence	report	revealed	evidence	1	1.6	ABC	3	revealed
آلات <nsubj زندگی <obj بناتے	آلات	زندگی	بناتے	1	1.6	ABC	3	بناتے
ادارے <nsubj فیسیں <obj لے	ادارے	فیسیں	لے	1	1.6	ABC	3	لے
اداکار <nsubj کام <obj کیا	اداکار	کام	کیا	1	1.6	ABC	3	کیا
اداکار <nsubj گانا <obj گایا	اداکار	گانا	گایا	1	1.6	ABC	3	گایا
اداکاروں <nsubj کام <obj کرنا	اداکاروں	کام	کرنا	1	1.6	ABC	3	کرنا
اداکاروں <nsubj کام <obj کیا	اداکاروں	کام	کیا	1	1.6	ABC	3	کیا
اداکارہ <nsubj خوشخبری <obj دی	اداکارہ	خوشخبری	دی	1	1.6	ABC	3	دی
اداکاری <nsubj کامیابی <obj کی	اداکاری	کامیابی	کی	1	1.6	ABC	3	کی
اراکین <nsubj شان <obj پہنچ	اراکین	شان	پہنچ	1	1.6	ABC	3	پہنچ
ارکان <nsubj اداروں <obj کیا	ارکان	اداروں	کیا	1	1.6	ABC	3	کیا
ارکان <nsubj اقتراحات <obj کئے	ارکان	اقتراحات	کئے	1	1.6	ABC	3	کئے
ارکان <nsubj توقعات <obj کر	ارکان	توقعات	کر	1	1.6	ABC	3	کر
اساتذہ <nsubj معاونت <obj اٹھائیں	اساتذہ	معاونت	اٹھائیں	1	1.6	ABC	3	اٹھائیں
استعمال <nsubj ہے >obj سنسر	استعمال	ہے	سنسر	1	1.6	ABC	3	ہے
اسٹوڈیو <obj کمپنی <nsubj خرید	اسٹوڈیو	کمپنی	خرید	1	1.6	ABC	3	خرید
اسٹیکر <nsubj معلومات <obj بھیجتا	اسٹیکر	معلومات	بھیجتا	1	1.6	ABC	3	بھیجتا
اسٹیکر <nsubj کام <obj کرتا	اسٹیکر	کام	کرتا	1	1.6	ABC	3	کرتا
اسکائپ <nsubj کال <obj کرے	اسکائپ	کال	کرے	1	1.6	ABC	3	کرے
اعلی <nsubj کام <obj کرن	اعلی	کام	کرن	1	1.6	ABC	3	کرن
اعلیٰ <nsubj کہا >obj مقام	اعلیٰ	کہا	مقام	1	1.6	ABC	3	کہا
افراد <nsubj حل <obj سن	افراد	حل	سن	1	1.6	ABC	3	سن
افراد <nsubj داروں <obj کر	افراد	داروں	کر	1	1.6	ABC	3	کر
افراد <nsubj سہولت <obj اٹھا	افراد	سہولت	اٹھا	1	1.6	ABC	3	اٹھا
افراد <nsubj سینما گراف <obj کر	افراد	سینما گراف	کر	1	1.6	ABC	3	کر
افراد <nsubj شکریہ <obj کیا	افراد	شکریہ	کیا	1	1.6	ABC	3	کیا
افراد <nsubj محیط <obj کریں	افراد	محیط	کریں	1	1.6	ABC	3	کریں
افراد <nsubj معلومات <obj کر	افراد	معلومات	کر	1	1.6	ABC	3	کر
افراد <nsubj پیڈ <obj کر	افراد	پیڈ	کر	1	1.6	ABC	3	کر
اماموں <nsubj ایپلیکیشن <obj کرنا	اماموں	ایپلیکیشن	کرنا	1	1.6	ABC	3	کرنا
امپائرنگ <nsubj تاریخ <obj رقم	امپائرنگ	تاریخ	رقم	1	1.6	ABC	3	رقم
انتظامیہ <nsubj طریقہ <obj کرنا	انتظامیہ	طریقہ	کرنا	1	1.6	ABC	3	کرنا
انداز <nsubj لوگوں <obj ڈرا	انداز	لوگوں	ڈرا	1	1.6	ABC	3	ڈرا
انسان <nsubj آلو <obj کھانا	انسان	آلو	کھانا	1	1.6	ABC	3	کھانا
انسانوں <obj روبوٹس <nsubj ہوتے	انسانوں	روبوٹس	ہوتے	1	1.6	ABC	3	ہوتے
انسٹاگرام <nsubj بٹن <obj ہٹا	انسٹاگرام	بٹن	ہٹا	1	1.6	ABC	3	ہٹا
انسٹاگرام <nsubj طریقہ <obj کررہا	انسٹاگرام	طریقہ	کررہا	1	1.6	ABC	3	کررہا
انٹرنیٹ <nsubj زندگی <obj بناتا	انٹرنیٹ	زندگی	بناتا	1	1.6	ABC	3	بناتا
انکار <nsubj شخص <obj بناگیا	انکار	شخص	بناگیا	1	1.6	ABC	3	بناگیا
اہلکاروں <nsubj بتایا >obj خطرہ	اہلکاروں	بتایا	خطرہ	1	1.6	ABC	3	بتایا
اہلکاروں <nsubj بتایا >obj کاروبار	اہلکاروں	بتایا	کاروبار	1	1.6	ABC	3	بتایا
اہلکاروں <nsubj مقدمہ <obj کر	اہلکاروں	مقدمہ	کر	1	1.6	ABC	3	کر
ایتھلیٹس <nsubj میڈلز <obj جیتے	ایتھلیٹس	میڈلز	جیتے	1	1.6	ABC	3	جیتے
ایمریٹس <nsubj کوششیں <obj رکھی	ایمریٹس	کوششیں	رکھی	1	1.6	ABC	3	رکھی
اینڈرائیڈ <nsubj تجربہ <obj کر	اینڈرائیڈ	تجربہ	کر	1	1.6	ABC	3	کر
ایٹرز <nsubj دعوت <obj بھیجی	ایٹرز	دعوت	بھیجی	1	1.6	ABC	3	بھیجی
ایپ <nsubj FireChat <obj کہلاتی	ایپ	FireChat	کہلاتی	1	1.6	ABC	3	کہلاتی
ایپ <nsubj تجربہ <obj کرے	ایپ	تجربہ	کرے	1	1.6	ABC	3	کرے
ایپ <nsubj تصاویر <obj کرتی	ایپ	تصاویر	کرتی	1	1.6	ABC	3	کرتی
ایپ <nsubj شدت <obj رکھتی	ایپ	شدت	رکھتی	1	1.6	ABC	3	رکھتی
ایپ <nsubj کام <obj کرتی	ایپ	کام	کرتی	1	1.6	ABC	3	کرتی
ایپ <obj لوگ <nsubj کرتے	ایپ	لوگ	کرتے	1	1.6	ABC	3	کرتے
ایپس <nsubj مائیکروفون <obj کرتے	ایپس	مائیکروفون	کرتے	1	1.6	ABC	3	کرتے
ایپلیکیشن <nsubj مدد <obj کرتی	ایپلیکیشن	مدد	کرتی	1	1.6	ABC	3	کرتی
ایڈمنز <nsubj کنٹرول <obj کر	ایڈمنز	کنٹرول	کر	1	1.6	ABC	3	کر
ایڈمنز <nsubj گروپ <obj رکھ	ایڈمنز	گروپ	رکھ	1	1.6	ABC	3	رکھ
باپ <nsubj مقدمہ <obj کرایا	باپ	مقدمہ	کرایا	1	1.6	ABC	3	کرایا
باکسر <nsubj مہارتوں <obj دکھائیں	باکسر	مہارتوں	دکھائیں	1	1.6	ABC	3	دکھائیں
برامدات <nsubj ڈالر <obj گھٹ	برامدات	ڈالر	گھٹ	1	1.6	ABC	3	گھٹ
برف <nsubj نظارہ <obj کرتی	برف	نظارہ	کرتی	1	1.6	ABC	3	کرتی
بزنس <nsubj نتائج <obj کر	بزنس	نتائج	کر	1	1.6	ABC	3	کر
بلندیوں <nsubj نام <obj کر	بلندیوں	نام	کر	1	1.6	ABC	3	کر
بورڈ <nsubj درخواست <obj کرلیا	بورڈ	درخواست	کرلیا	1	1.6	ABC	3	کرلیا
بولر <nsubj بیٹسمین <obj کر	بولر	بیٹسمین	کر	1	1.6	ABC	3	کر
بولر <nsubj کامیابی <obj کی	بولر	کامیابی	کی	1	1.6	ABC	3	کی
بولرز <nsubj بیٹسمین <obj بھیج	بولرز	بیٹسمین	بھیج	1	1.6	ABC	3	بھیج
بولرز <nsubj بیٹسمین <obj روک	بولرز	بیٹسمین	روک	1	1.6	ABC	3	روک
بولرز <nsubj بیٹنگ <obj دیا	بولرز	بیٹنگ	دیا	1	1.6	ABC	3	دیا
بولرز <nsubj بیٹنگ <obj روک	بولرز	بیٹنگ	روک	1	1.6	ABC	3	روک
بولرز <nsubj لائن <obj روک	بولرز	لائن	روک	1	1.6	ABC	3	روک
بولرز <nsubj لائن <obj کھینچ	بولرز	لائن	کھینچ	1	1.6	ABC	3	کھینچ
بولرز <nsubj مقابلہ <obj دیا	بولرز	مقابلہ	دیا	1	1.6	ABC	3	دیا
بولرز <nsubj وکٹ <obj لے	بولرز	وکٹ	لے	1	1.6	ABC	3	لے
بولرز <nsubj وکٹیں <obj نکالیں	بولرز	وکٹیں	نکالیں	1	1.6	ABC	3	نکالیں
بولرز <nsubj ٹیم <obj روک	بولرز	ٹیم	روک	1	1.6	ABC	3	روک
بولرز <nsubj کرکٹ <obj کھیلا	بولرز	کرکٹ	کھیلا	1	1.6	ABC	3	کھیلا
بولرز <nsubj کھلاڑیوں <obj کردیا	بولرز	کھلاڑیوں	کردیا	1	1.6	ABC	3	کردیا
بوکسرز <nsubj ٹائٹل <obj جیتے	بوکسرز	ٹائٹل	جیتے	1	1.6	ABC	3	جیتے
بچہ <nsubj بڑوں <obj چھوڑ	بچہ	بڑوں	چھوڑ	1	1.6	ABC	3	چھوڑ
بچے <nsubj معنی <obj ہو	بچے	معنی	ہو	1	1.6	ABC	3	ہو
بک <nsubj اعلان <obj دکھاتا	بک	اعلان	دکھاتا	1	1.6	ABC	3	دکھاتا
بک <nsubj بتایا >obj پیج	بک	بتایا	پیج	1	1.6	ABC	3	بتایا
بیان <nsubj پاکستانیوں <obj کر	بیان	پاکستانیوں	کر	1	1.6	ABC	3	کر
بیس <nsubj معلومات <obj کرتا	بیس	معلومات	کرتا	1	1.6	ABC	3	کرتا
بینک <nsubj تدابیر <obj کردیں	بینک	تدابیر	کردیں	1	1.6	ABC	3	کردیں
بینک <nsubj سسٹمز <obj بنایا	بینک	سسٹمز	بنایا	1	1.6	ABC	3	بنایا
بینک <nsubj چھکے <obj کرائے	بینک	چھکے	کرائے	1	1.6	ABC	3	کرائے
بینک <nsubj کام <obj کیا	بینک	کام	کیا	1	1.6	ABC	3	کیا
بینک <nsubj کمیٹی <obj دی	بینک	کمیٹی	دی	1	1.6	ABC	3	دی
بینکوں <nsubj تدابیر <obj کی	بینکوں	تدابیر	کی	1	1.6	ABC	3	کی
بینکوں <nsubj خدمات <obj دی	بینکوں	خدمات	دی	1	1.6	ABC	3	دی
بیوی <nsubj دوست <obj کر	بیوی	دوست	کر	1	1.6	ABC	3	کر
بیٹرز <nsubj بولنگ <obj پہنچایا	بیٹرز	بولنگ	پہنچایا	1	1.6	ABC	3	پہنچایا
بیٹسمین <nsubj بولرز <obj روک	بیٹسمین	بولرز	روک	1	1.6	ABC	3	روک
بیٹسمین <nsubj مقابلہ <obj دینا	بیٹسمین	مقابلہ	دینا	1	1.6	ABC	3	دینا
بیٹنگ <nsubj کام <obj کرتی	بیٹنگ	کام	کرتی	1	1.6	ABC	3	کرتی
بیٹی <nsubj شہادت <obj کی	بیٹی	شہادت	کی	1	1.6	ABC	3	کی
بیٹے <nsubj شہادت <obj کی	بیٹے	شہادت	کی	1	1.6	ABC	3	کی
تاریخ <obj ادارہ <nsubj بتایا	تاریخ	ادارہ	بتایا	1	1.6	ABC	3	بتایا
تبدیلی <nsubj کاروں <obj کرے	تبدیلی	کاروں	کرے	1	1.6	ABC	3	کرے
تبصرے <nsubj حالات <obj کر	تبصرے	حالات	کر	1	1.6	ABC	3	کر
تجربہ <obj شخص <nsubj کیا	تجربہ	شخص	کیا	1	1.6	ABC	3	کیا
تحقیق <nsubj بات <obj کر	تحقیق	بات	کر	1	1.6	ABC	3	کر
تحقیق <nsubj نظریہ <obj دی	تحقیق	نظریہ	دی	1	1.6	ABC	3	دی
تحقیق <obj ماہرین <nsubj کی	تحقیق	ماہرین	کی	1	1.6	ABC	3	کی
ترمیم <nsubj قیمتوں <obj کرے	ترمیم	قیمتوں	کرے	1	1.6	ABC	3	کرے
ترک <nsubj ردِ <obj دیا	ترک	ردِ	دیا	1	1.6	ABC	3	دیا
تصاویر <nsubj دلوں <obj جیت	تصاویر	دلوں	جیت	1	1.6	ABC	3	جیت
تصاویر <nsubj دلچسپی <obj کی	تصاویر	دلچسپی	کی	1	1.6	ABC	3	کی
تصاویر <nsubj فینز <obj ڈال	تصاویر	فینز	ڈال	1	1.6	ABC	3	ڈال
تصویر <nsubj حقیقت <obj کرتی	تصویر	حقیقت	کرتی	1	1.6	ABC	3	کرتی
تصویر <nsubj داستان <obj کرتی	تصویر	داستان	کرتی	1	1.6	ABC	3	کرتی
تصویر <nsubj شخص <obj دکھاتی	تصویر	شخص	دکھاتی	1	1.6	ABC	3	دکھاتی
تصویر <nsubj شہرت <obj کی	تصویر	شہرت	کی	1	1.6	ABC	3	کی
تصویر <nsubj میمز <obj کئے	تصویر	میمز	کئے	1	1.6	ABC	3	کئے
تصویر <nsubj واقعہ <obj دکھاتی	تصویر	واقعہ	دکھاتی	1	1.6	ABC	3	دکھاتی
تصویر <nsubj پرندے <obj دکھاتی	تصویر	پرندے	دکھاتی	1	1.6	ABC	3	دکھاتی
تصویر <obj انسان <nsubj دکھاتی	تصویر	انسان	دکھاتی	1	1.6	ABC	3	دکھاتی
تعالیٰ <nsubj دعاؤں <obj کرے	تعالیٰ	دعاؤں	کرے	1	1.6	ABC	3	کرے
تقریبات <nsubj یادگار <obj بھری	تقریبات	یادگار	بھری	1	1.6	ABC	3	بھری
تکنیک <nsubj حقیقت <obj ہے	تکنیک	حقیقت	ہے	1	1.6	ABC	3	ہے
تیاری <nsubj اقدام <obj ہے	تیاری	اقدام	ہے	1	1.6	ABC	3	ہے
جانور <nsubj طریقوں <obj بناتے	جانور	طریقوں	بناتے	1	1.6	ABC	3	بناتے
ججز <nsubj بیان <obj کیا	ججز	بیان	کیا	1	1.6	ABC	3	کیا
جواب <nsubj علماء <obj کر	جواب	علماء	کر	1	1.6	ABC	3	کر
جیت <nsubj دلچسپی <obj کردی	جیت	دلچسپی	کردی	1	1.6	ABC	3	کردی
جیت <nsubj ضرورت <obj کر	جیت	ضرورت	کر	1	1.6	ABC	3	کر
حادثے <nsubj سفر <obj کر	حادثے	سفر	کر	1	1.6	ABC	3	کر
حاضرین <nsubj ویڈیوز <obj بنائیں	حاضرین	ویڈیوز	بنائیں	1	1.6	ABC	3	بنائیں
حاضرین <nsubj پرفارمنس <obj دیکھا	حاضرین	پرفارمنس	دیکھا	1	1.6	ABC	3	دیکھا
حامیوں <nsubj خواہی <obj کی	حامیوں	خواہی	کی	1	1.6	ABC	3	کی
حراست <nsubj کوششوں <obj بنا	حراست	کوششوں	بنا	1	1.6	ABC	3	بنا
حصے <nsubj بتایا >obj واریت	حصے	بتایا	واریت	1	1.6	ABC	3	بتایا
حصے <nsubj لوگوں <obj کر	حصے	لوگوں	کر	1	1.6	ABC	3	کر
حضرات <nsubj ٹیکس <obj دیتے	حضرات	ٹیکس	دیتے	1	1.6	ABC	3	دیتے
حقیقت <obj لوگوں <nsubj کیا	حقیقت	لوگوں	کیا	1	1.6	ABC	3	کیا
حملے <obj لوگ <nsubj ہوئے	حملے	لوگ	ہوئے	1	1.6	ABC	3	ہوئے
حکام <nsubj تحقیقات <obj کردی	حکام	تحقیقات	کردی	1	1.6	ABC	3	کردی
حکومت <nsubj اقتراحات <obj دیکھے	حکومت	اقتراحات	دیکھے	1	1.6	ABC	3	دیکھے
حکومت <nsubj اقدامات <obj کرے	حکومت	اقدامات	کرے	1	1.6	ABC	3	کرے
حکومت <nsubj ایپلیکیشن <obj کر	حکومت	ایپلیکیشن	کر	1	1.6	ABC	3	کر
حکومت <nsubj بوجھ <obj ڈالا	حکومت	بوجھ	ڈالا	1	1.6	ABC	3	ڈالا
حکومت <nsubj تدابیر <obj اٹھائی	حکومت	تدابیر	اٹھائی	1	1.6	ABC	3	اٹھائی
حکومت <nsubj تدابیر <obj اپنائی	حکومت	تدابیر	اپنائی	1	1.6	ABC	3	اپنائی
حکومت <nsubj تدابیر <obj کیے	حکومت	تدابیر	کیے	1	1.6	ABC	3	کیے
حکومت <nsubj ترقیب <obj اپنایا	حکومت	ترقیب	اپنایا	1	1.6	ABC	3	اپنایا
حکومت <nsubj حل <obj کرے	حکومت	حل	کرے	1	1.6	ABC	3	کرے
حکومت <nsubj دعوے <obj کر	حکومت	دعوے	کر	1	1.6	ABC	3	کر
حکومت <nsubj دن <obj منایا	حکومت	دن	منایا	1	1.6	ABC	3	منایا
حکومت <nsubj رقم <obj کر	حکومت	رقم	کر	1	1.6	ABC	3	کر
حکومت <nsubj سروروں <obj کر	حکومت	سروروں	کر	1	1.6	ABC	3	کر
حکومت <nsubj سفیر <obj بلوائے	حکومت	سفیر	بلوائے	1	1.6	ABC	3	بلوائے
حکومت <nsubj شہریوں <obj دیا	حکومت	شہریوں	دیا	1	1.6	ABC	3	دیا
حکومت <nsubj ضرورت <obj سمجھایا	حکومت	ضرورت	سمجھایا	1	1.6	ABC	3	سمجھایا
حکومت <nsubj ضرورت <obj ہوئی	حکومت	ضرورت	ہوئی	1	1.6	ABC	3	ہوئی
حکومت <nsubj فہرست <obj کر	حکومت	فہرست	کر	1	1.6	ABC	3	کر
حکومت <nsubj فیصلہ <obj کیا	حکومت	فیصلہ	کیا	1	1.6	ABC	3	کیا
حکومت <nsubj فیصلے <obj دیکھنا	حکومت	فیصلے	دیکھنا	1	1.6	ABC	3	دیکھنا
حکومت <nsubj لائن <obj کی	حکومت	لائن	کی	1	1.6	ABC	3	کی
حکومت <nsubj مسئلے <obj لے	حکومت	مسئلے	لے	1	1.6	ABC	3	لے
حکومت <nsubj مشکلات <obj دلائے	حکومت	مشکلات	دلائے	1	1.6	ABC	3	دلائے
حکومت <nsubj مطالبات <obj کرے	حکومت	مطالبات	کرے	1	1.6	ABC	3	کرے
حکومت <nsubj معاملے <obj کرتی	حکومت	معاملے	کرتی	1	1.6	ABC	3	کرتی
حکومت <nsubj معیشت <obj کرن	حکومت	معیشت	کرن	1	1.6	ABC	3	کرن
حکومت <nsubj نوٹیفیکشن <obj کردیا	حکومت	نوٹیفیکشن	کردیا	1	1.6	ABC	3	کردیا
حکومت <nsubj ٹیم <obj دی	حکومت	ٹیم	دی	1	1.6	ABC	3	دی
حکومت <nsubj ٹیم <obj دیا	حکومت	ٹیم	دیا	1	1.6	ABC	3	دیا
حکومت <nsubj ٹیکس <obj کیا	حکومت	ٹیکس	کیا	1	1.6	ABC	3	کیا
حکومت <nsubj پابندی <obj کر	حکومت	پابندی	کر	1	1.6	ABC	3	کر
حکومت <nsubj پورٹل <obj کیا	حکومت	پورٹل	کیا	1	1.6	ABC	3	کیا
حکومت <nsubj کار <obj سمجھایا	حکومت	کار	سمجھایا	1	1.6	ABC	3	سمجھایا
حکومت <nsubj کاروبار <obj کر	حکومت	کاروبار	کر	1	1.6	ABC	3	کر
حکومت <nsubj کمپنیوں <obj کیا	حکومت	کمپنیوں	کیا	1	1.6	ABC	3	کیا
حکومت <nsubj کمیٹی <obj دی	حکومت	کمیٹی	دی	1	1.6	ABC	3	دی
حکومت <nsubj کمیٹی <obj دیا	حکومت	کمیٹی	دیا	1	1.6	ABC	3	دیا
حکومت <nsubj کیمپنیوں <obj کی	حکومت	کیمپنیوں	کی	1	1.6	ABC	3	کی
خاتون <nsubj الزامات <obj لگائے	خاتون	الزامات	لگائے	1	1.6	ABC	3	لگائے
خاتون <nsubj مقدمہ <obj کرایا	خاتون	مقدمہ	کرایا	1	1.6	ABC	3	کرایا
خاتون <nsubj ٹویٹ <obj کردیا	خاتون	ٹویٹ	کردیا	1	1.6	ABC	3	کردیا
خاندان <nsubj معاملے <obj لیا	خاندان	معاملے	لیا	1	1.6	ABC	3	لیا
خبر <nsubj اثرات <obj کئے	خبر	اثرات	کئے	1	1.6	ABC	3	کئے
خبر <nsubj شوقین <obj کر	خبر	شوقین	کر	1	1.6	ABC	3	کر
خبر <nsubj لوگوں <obj کر	خبر	لوگوں	کر	1	1.6	ABC	3	کر
خبر <obj دنیا <nsubj ہوئی	خبر	دنیا	ہوئی	1	1.6	ABC	3	ہوئی
خبریں <nsubj غلطیوں <obj ہونی	خبریں	غلطیوں	ہونی	1	1.6	ABC	3	ہونی
خوشبو <nsubj لگتی >obj حقیقت	خوشبو	لگتی	حقیقت	1	1.6	ABC	3	لگتی
دلہن <nsubj داستان <obj کاڑھ	دلہن	داستان	کاڑھ	1	1.6	ABC	3	کاڑھ
دنیا <nsubj یاد <obj کی	دنیا	یاد	کی	1	1.6	ABC	3	کی
دوستوں <nsubj احترام <obj کیا	دوستوں	احترام	کیا	1	1.6	ABC	3	کیا
دوستوں <nsubj بات <obj ہے	دوستوں	بات	ہے	1	1.6	ABC	3	ہے
دوستوں <nsubj تقریب <obj کی	دوستوں	تقریب	کی	1	1.6	ABC	3	کی
دوستوں <nsubj تقریبیں <obj منائیں	دوستوں	تقریبیں	منائیں	1	1.6	ABC	3	منائیں
دوستوں <nsubj تقریبیں <obj کی	دوستوں	تقریبیں	کی	1	1.6	ABC	3	کی
دوستوں <nsubj حملے <obj کیا	دوستوں	حملے	کیا	1	1.6	ABC	3	کیا
دوستوں <nsubj پیغامات <obj کئے	دوستوں	پیغامات	کئے	1	1.6	ABC	3	کئے
دوستوں <nsubj کیس <obj کرایا	دوستوں	کیس	کرایا	1	1.6	ABC	3	کرایا
دوسری <nsubj میڈل <obj دلایا	دوسری	میڈل	دلایا	1	1.6	ABC	3	دلایا
دونوں <nsubj ریکارڈز <obj بنائے	دونوں	ریکارڈز	بنائے	1	1.6	ABC	3	بنائے
دونوں <nsubj کام <obj کر	دونوں	کام	کر	1	1.6	ABC	3	کر
دکاندار <nsubj بچے <obj کر	دکاندار	بچے	کر	1	1.6	ABC	3	کر
دھماکوں <nsubj شہر <obj کر	دھماکوں	شہر	کر	1	1.6	ABC	3	کر
دیوانوں <nsubj سلام <obj کیا	دیوانوں	سلام	کیا	1	1.6	ABC	3	کیا
دیوانے <nsubj تقریبات <obj منائی	دیوانے	تقریبات	منائی	1	1.6	ABC	3	منائی
دیوانے <nsubj سلام <obj کر	دیوانے	سلام	کر	1	1.6	ABC	3	کر
روبوٹ <nsubj سمپلز <obj نکال	روبوٹ	سمپلز	نکال	1	1.6	ABC	3	نکال
روبوٹ <nsubj نتائج <obj کرتا	روبوٹ	نتائج	کرتا	1	1.6	ABC	3	کرتا
روبوٹ <nsubj کباب <obj بھونتا	روبوٹ	کباب	بھونتا	1	1.6	ABC	3	بھونتا
روبوٹس <nsubj صلاحیت <obj ہے	روبوٹس	صلاحیت	ہے	1	1.6	ABC	3	ہے
رہنما <nsubj بتایا >obj معلومات	رہنما	بتایا	معلومات	1	1.6	ABC	3	بتایا
رہنما <nsubj کہا >obj اطلاعات	رہنما	کہا	اطلاعات	1	1.6	ABC	3	کہا
رہنماؤں <nsubj خدمات <obj سراہا	رہنماؤں	خدمات	سراہا	1	1.6	ABC	3	سراہا
رہنماوٗں <nsubj کہا >obj حقوق	رہنماوٗں	کہا	حقوق	1	1.6	ABC	3	کہا
زراعت <nsubj تقریب <obj کی	زراعت	تقریب	کی	1	1.6	ABC	3	کی
زلزلے <nsubj شدت <obj ناپتا	زلزلے	شدت	ناپتا	1	1.6	ABC	3	ناپتا
زندگی <nsubj مشکلات <obj گزر	زندگی	مشکلات	گزر	1	1.6	ABC	3	گزر
زندگی <nsubj چیزوں <obj ہوتی	زندگی	چیزوں	ہوتی	1	1.6	ABC	3	ہوتی
سائنسدان <nsubj کام <obj کر	سائنسدان	کام	کر	1	1.6	ABC	3	کر
سائنسدانوں <nsubj تعزیت <obj کی	سائنسدانوں	تعزیت	کی	1	1.6	ABC	3	کی
سائنسدانوں <nsubj معلومات <obj کیں	سائنسدانوں	معلومات	کیں	1	1.6	ABC	3	کیں
سائنسدانوں <nsubj نظریہ <obj کیا	سائنسدانوں	نظریہ	کیا	1	1.6	ABC	3	کیا
سائنسدانوں <nsubj پہلوؤں <obj دیکھا	سائنسدانوں	پہلوؤں	دیکھا	1	1.6	ABC	3	دیکھا
سائٹ <nsubj لوگوں <obj جوڑتی	سائٹ	لوگوں	جوڑتی	1	1.6	ABC	3	جوڑتی
سائٹس <nsubj معلومات <obj کرتے	سائٹس	معلومات	کرتے	1	1.6	ABC	3	کرتے
ساتھیوں <obj شخص <nsubj پکڑ	ساتھیوں	شخص	پکڑ	1	1.6	ABC	3	پکڑ
سازوں <nsubj ضرورت <obj ہو	سازوں	ضرورت	ہو	1	1.6	ABC	3	ہو
سازوں <nsubj قوانین <obj بنائے	سازوں	قوانین	بنائے	1	1.6	ABC	3	بنائے
ستون <nsubj ٹکڑوں <obj بنا	ستون	ٹکڑوں	بنا	1	1.6	ABC	3	بنا
سرور <nsubj قیمت <obj کرتا	سرور	قیمت	کرتا	1	1.6	ABC	3	کرتا
سروس <obj لوگ <nsubj کرتے	سروس	لوگ	کرتے	1	1.6	ABC	3	کرتے
سسٹم <nsubj کام <obj کرتا	سسٹم	کام	کرتا	1	1.6	ABC	3	کرتا
سفر <nsubj باب <obj کھولے	سفر	باب	کھولے	1	1.6	ABC	3	کھولے
سلطانز <nsubj دعوت <obj کریں	سلطانز	دعوت	کریں	1	1.6	ABC	3	کریں
سلطانز <nsubj میچ <obj جیتا	سلطانز	میچ	جیتا	1	1.6	ABC	3	جیتا
سنسر <nsubj رنگت <obj ناپتا	سنسر	رنگت	ناپتا	1	1.6	ABC	3	ناپتا
سیاحوں <nsubj ڈالر <obj کرنا	سیاحوں	ڈالر	کرنا	1	1.6	ABC	3	کرنا
سیریز <nsubj میچوں <obj کرتی	سیریز	میچوں	کرتی	1	1.6	ABC	3	کرتی
سیریل <nsubj کہانی <obj کرتا	سیریل	کہانی	کرتا	1	1.6	ABC	3	کرتا
سیٹلائٹ <nsubj خدمات <obj کرنے	سیٹلائٹ	خدمات	کرنے	1	1.6	ABC	3	کرنے
سیکوئنسز <nsubj دیوانے <obj کرتے	سیکوئنسز	دیوانے	کرتے	1	1.6	ABC	3	کرتے
شائقین <nsubj شہر <obj سجایا	شائقین	شہر	سجایا	1	1.6	ABC	3	سجایا
شاعر <nsubj اہلیت <obj کی	شاعر	اہلیت	کی	1	1.6	ABC	3	کی
شاعران <nsubj شاعری <obj کرتے	شاعران	شاعری	کرتے	1	1.6	ABC	3	کرتے
شاعران <nsubj لوگوں <obj کیا	شاعران	لوگوں	کیا	1	1.6	ABC	3	کیا
شاگردوں <nsubj تجربات <obj کیے	شاگردوں	تجربات	کیے	1	1.6	ABC	3	کیے
شاگردوں <nsubj تقریب <obj کی	شاگردوں	تقریب	کی	1	1.6	ABC	3	کی
شخص <nsubj جانوروں <obj کیا	شخص	جانوروں	کیا	1	1.6	ABC	3	کیا
شخص <nsubj قانون <obj مانتا	شخص	قانون	مانتا	1	1.6	ABC	3	مانتا
شخص <nsubj ڈالرز <obj کمایا	شخص	ڈالرز	کمایا	1	1.6	ABC	3	کمایا
شخص <nsubj کوڈ <obj کرے	شخص	کوڈ	کرے	1	1.6	ABC	3	کرے
شخص <obj پولیس <nsubj کیا	شخص	پولیس	کیا	1	1.6	ABC	3	کیا
شخصوں <nsubj خوبصورتی <obj دکھانا	شخصوں	خوبصورتی	دکھانا	1	1.6	ABC	3	دکھانا
شخصیات <nsubj باربارتبدیلی <obj دیا	شخصیات	باربارتبدیلی	دیا	1	1.6	ABC	3	دیا
شخصیات <nsubj بیان <obj کہا	شخصیات	بیان	کہا	1	1.6	ABC	3	کہا
شخصیات <nsubj خیالات <obj کئے	شخصیات	خیالات	کئے	1	1.6	ABC	3	کئے
شروعات <nsubj دم <obj کردیا	شروعات	دم	کردیا	1	1.6	ABC	3	کردیا
شرکاء <nsubj رقم <obj کرتے	شرکاء	رقم	کرتے	1	1.6	ABC	3	کرتے
شرکاء <nsubj رقم <obj کی	شرکاء	رقم	کی	1	1.6	ABC	3	کی
شرکت <nsubj کرنے >obj شرکت	شرکت	کرنے	شرکت	1	1.6	ABC	3	کرنے
شعبہ <nsubj اضافہ <obj دیکھا	شعبہ	اضافہ	دیکھا	1	1.6	ABC	3	دیکھا
شعلے <nsubj دلوں <obj جلا	شعلے	دلوں	جلا	1	1.6	ABC	3	جلا
شو <obj لوگ <nsubj دیکھنے	شو	لوگ	دیکھنے	1	1.6	ABC	3	دیکھنے
شوقینوں <nsubj طریقہ <obj ہے	شوقینوں	طریقہ	ہے	1	1.6	ABC	3	ہے
شکل <nsubj طریقے <obj بتاتی	شکل	طریقے	بتاتی	1	1.6	ABC	3	بتاتی
شہری <nsubj بچے <obj دیکھا	شہری	بچے	دیکھا	1	1.6	ABC	3	دیکھا
شہری <nsubj بچے <obj لے	شہری	بچے	لے	1	1.6	ABC	3	لے
شہری <nsubj جان <obj ڈال	شہری	جان	ڈال	1	1.6	ABC	3	ڈال
شہریوں <nsubj تقریبات <obj منائی	شہریوں	تقریبات	منائی	1	1.6	ABC	3	منائی
شہریوں <nsubj شہر <obj سجایا	شہریوں	شہر	سجایا	1	1.6	ABC	3	سجایا
شہریوں <nsubj مذاق <obj کہا	شہریوں	مذاق	کہا	1	1.6	ABC	3	کہا
شہریوں <nsubj کامیابی <obj منایا	شہریوں	کامیابی	منایا	1	1.6	ABC	3	منایا
صابن <nsubj فون <obj کرنے	صابن	فون	کرنے	1	1.6	ABC	3	کرنے
صارف <nsubj اکاؤنٹ <obj کرتا	صارف	اکاؤنٹ	کرتا	1	1.6	ABC	3	کرتا
صارف <nsubj خبر <obj کرتا	صارف	خبر	کرتا	1	1.6	ABC	3	کرتا
صارفین <nsubj Phone <obj کرنا	صارفین	Phone	کرنا	1	1.6	ABC	3	کرنا
صارفین <nsubj اثرات <obj لگا	صارفین	اثرات	لگا	1	1.6	ABC	3	لگا
صارفین <nsubj اثرات <obj کر	صارفین	اثرات	کر	1	1.6	ABC	3	کر
صارفین <nsubj اسسٹنٹ <obj کر	صارفین	اسسٹنٹ	کر	1	1.6	ABC	3	کر
صارفین <nsubj اسٹیٹس <obj کر	صارفین	اسٹیٹس	کر	1	1.6	ABC	3	کر
صارفین <nsubj اپڈیٹس <obj رہنا	صارفین	اپڈیٹس	رہنا	1	1.6	ABC	3	رہنا
صارفین <nsubj اکاؤنٹ <obj کرسکتے	صارفین	اکاؤنٹ	کرسکتے	1	1.6	ABC	3	کرسکتے
صارفین <nsubj اکاؤنٹس <obj جوڑنا	صارفین	اکاؤنٹس	جوڑنا	1	1.6	ABC	3	جوڑنا
صارفین <nsubj ایموجیز <obj کر	صارفین	ایموجیز	کر	1	1.6	ABC	3	کر
صارفین <nsubj ایونٹس <obj کرسکتے	صارفین	ایونٹس	کرسکتے	1	1.6	ABC	3	کرسکتے
صارفین <nsubj ایپ <obj کرنی	صارفین	ایپ	کرنی	1	1.6	ABC	3	کرنی
صارفین <nsubj بیٹری <obj کرنا	صارفین	بیٹری	کرنا	1	1.6	ABC	3	کرنا
صارفین <nsubj تاریخچہ <obj کرسکتے	صارفین	تاریخچہ	کرسکتے	1	1.6	ABC	3	کرسکتے
صارفین <nsubj تجربہ <obj بنا	صارفین	تجربہ	بنا	1	1.6	ABC	3	بنا
صارفین <nsubj تفصیلات <obj دیکھ	صارفین	تفصیلات	دیکھ	1	1.6	ABC	3	دیکھ
صارفین <nsubj تفصیلات <obj کر	صارفین	تفصیلات	کر	1	1.6	ABC	3	کر
صارفین <nsubj تفصیلات <obj کرسکتے	صارفین	تفصیلات	کرسکتے	1	1.6	ABC	3	کرسکتے
صارفین <nsubj خاکے <obj دکھا	صارفین	خاکے	دکھا	1	1.6	ABC	3	دکھا
صارفین <nsubj خیالات <obj کرسکتے	صارفین	خیالات	کرسکتے	1	1.6	ABC	3	کرسکتے
صارفین <nsubj دوستوں <obj رکھ	صارفین	دوستوں	رکھ	1	1.6	ABC	3	رکھ
صارفین <nsubj رقم <obj دینے	صارفین	رقم	دینے	1	1.6	ABC	3	دینے
صارفین <nsubj ریکوئسٹس <obj بھیج	صارفین	ریکوئسٹس	بھیج	1	1.6	ABC	3	بھیج
صارفین <nsubj سکیورٹی <obj بنانے	صارفین	سکیورٹی	بنانے	1	1.6	ABC	3	بنانے
صارفین <nsubj شخص <obj کر	صارفین	شخص	کر	1	1.6	ABC	3	کر
صارفین <nsubj فلٹر <obj کر	صارفین	فلٹر	کر	1	1.6	ABC	3	کر
صارفین <nsubj فلٹرز <obj لگا	صارفین	فلٹرز	لگا	1	1.6	ABC	3	لگا
صارفین <nsubj فون <obj کر	صارفین	فون	کر	1	1.6	ABC	3	کر
صارفین <nsubj فون <obj کرانا	صارفین	فون	کرانا	1	1.6	ABC	3	کرانا
صارفین <nsubj فونز <obj کروا	صارفین	فونز	کروا	1	1.6	ABC	3	کروا
صارفین <nsubj فیچر <obj کیا	صارفین	فیچر	کیا	1	1.6	ABC	3	کیا
صارفین <nsubj ماڈلز <obj کرنا	صارفین	ماڈلز	کرنا	1	1.6	ABC	3	کرنا
صارفین <nsubj مشکلات <obj آتی	صارفین	مشکلات	آتی	1	1.6	ABC	3	آتی
صارفین <nsubj معلومات <obj دینا	صارفین	معلومات	دینا	1	1.6	ABC	3	دینا
صارفین <nsubj معلومات <obj دیکھ	صارفین	معلومات	دیکھ	1	1.6	ABC	3	دیکھ
صارفین <nsubj موقع <obj کرنا	صارفین	موقع	کرنا	1	1.6	ABC	3	کرنا
صارفین <nsubj میسجز <obj لے	صارفین	میسجز	لے	1	1.6	ABC	3	لے
صارفین <nsubj میپس <obj کھولنا	صارفین	میپس	کھولنا	1	1.6	ABC	3	کھولنا
صارفین <nsubj ویڈیو <obj کر	صارفین	ویڈیو	کر	1	1.6	ABC	3	کر
صارفین <nsubj ویڈیو <obj کرتے	صارفین	ویڈیو	کرتے	1	1.6	ABC	3	کرتے
صارفین <nsubj ویڈیو <obj ہوتا	صارفین	ویڈیو	ہوتا	1	1.6	ABC	3	ہوتا
صارفین <nsubj ویڈیوز <obj دیکھ	صارفین	ویڈیوز	دیکھ	1	1.6	ABC	3	دیکھ
صارفین <nsubj ٹوئٹس <obj کر	صارفین	ٹوئٹس	کر	1	1.6	ABC	3	کر
صارفین <nsubj ٹوئیٹس <obj چھپا	صارفین	ٹوئیٹس	چھپا	1	1.6	ABC	3	چھپا
صارفین <nsubj ٹیکسٹ <obj کر	صارفین	ٹیکسٹ	کر	1	1.6	ABC	3	کر
صارفین <nsubj پوسٹس <obj کرسکتے	صارفین	پوسٹس	کرسکتے	1	1.6	ABC	3	کرسکتے
صارفین <nsubj پیجز <obj کرسکتے	صارفین	پیجز	کرسکتے	1	1.6	ABC	3	کرسکتے
صارفین <nsubj پیغامات <obj بھیج	صارفین	پیغامات	بھیج	1	1.6	ABC	3	بھیج
صارفین <nsubj پیغامات <obj کرسکتے	صارفین	پیغامات	کرسکتے	1	1.6	ABC	3	کرسکتے
صارفین <nsubj چینل <obj کرنا	صارفین	چینل	کرنا	1	1.6	ABC	3	کرنا
صارفین <nsubj چیٹ <obj کر	صارفین	چیٹ	کر	1	1.6	ABC	3	کر
صارفین <nsubj ڈاؤن <obj کرنا	صارفین	ڈاؤن	کرنا	1	1.6	ABC	3	کرنا
صارفین <nsubj ڈیٹا <obj کر	صارفین	ڈیٹا	کر	1	1.6	ABC	3	کر
صارفین <nsubj کالوں <obj کر	صارفین	کالوں	کر	1	1.6	ABC	3	کر
صارفین <nsubj کوڈ <obj ہوگا	صارفین	کوڈ	ہوگا	1	1.6	ABC	3	ہوگا
صارفین <nsubj گروپس <obj بناسکتے	صارفین	گروپس	بناسکتے	1	1.6	ABC	3	بناسکتے
صارفین <nsubj گروپس <obj کرسکتے	صارفین	گروپس	کرسکتے	1	1.6	ABC	3	کرسکتے
صارفین <nsubj ہے >obj ث	صارفین	ہے	ث	1	1.6	ABC	3	ہے
صحافیوں <nsubj اکاؤنٹ <obj بنانا	صحافیوں	اکاؤنٹ	بنانا	1	1.6	ABC	3	بنانا
صحافیوں <nsubj خبروں <obj کر	صحافیوں	خبروں	کر	1	1.6	ABC	3	کر
صدر <nsubj بتایا >obj خطرہ	صدر	بتایا	خطرہ	1	1.6	ABC	3	بتایا
صدر <nsubj بتایا >obj فرض	صدر	بتایا	فرض	1	1.6	ABC	3	بتایا
صنعت <nsubj مقامات <obj کئے	صنعت	مقامات	کئے	1	1.6	ABC	3	کئے
صنعتوں <nsubj فائدہ <obj ہو	صنعتوں	فائدہ	ہو	1	1.6	ABC	3	ہو
طلباء <nsubj کام <obj کرنا	طلباء	کام	کرنا	1	1.6	ABC	3	کرنا
طیارے <nsubj افراد <obj کئے	طیارے	افراد	کئے	1	1.6	ABC	3	کئے
عدالت <nsubj حکم <obj کر	عدالت	حکم	کر	1	1.6	ABC	3	کر
عدالت <nsubj حکم <obj کیا	عدالت	حکم	کیا	1	1.6	ABC	3	کیا
عدالت <nsubj سزا <obj کر	عدالت	سزا	کر	1	1.6	ABC	3	کر
عمل <obj سائنسدانوں <nsubj سمجھا	عمل	سائنسدانوں	سمجھا	1	1.6	ABC	3	سمجھا
عوام <nsubj بوجھ <obj بڑھتا	عوام	بوجھ	بڑھتا	1	1.6	ABC	3	بڑھتا
عوام <nsubj شکریہ <obj کیا	عوام	شکریہ	کیا	1	1.6	ABC	3	کیا
عوام <nsubj نتیجے <obj بچانے	عوام	نتیجے	بچانے	1	1.6	ABC	3	بچانے
عوام <nsubj کام <obj کرنا	عوام	کام	کرنا	1	1.6	ABC	3	کرنا
غلطی <nsubj اہمیت <obj کرتی	غلطی	اہمیت	کرتی	1	1.6	ABC	3	کرتی
فارم <nsubj فیچرز <obj کرتا	فارم	فیچرز	کرتا	1	1.6	ABC	3	کرتا
فتوحات <nsubj دوستوں <obj کر	فتوحات	دوستوں	کر	1	1.6	ABC	3	کر
فلم <nsubj اثرات <obj کر	فلم	اثرات	کر	1	1.6	ABC	3	کر
فلم <nsubj اعزازات <obj کئے	فلم	اعزازات	کئے	1	1.6	ABC	3	کئے
فلم <nsubj اقسام <obj کرتی	فلم	اقسام	کرتی	1	1.6	ABC	3	کرتی
فلم <nsubj جمعیت <obj دکھاتی	فلم	جمعیت	دکھاتی	1	1.6	ABC	3	دکھاتی
فلم <nsubj حصے <obj دکھاتا	فلم	حصے	دکھاتا	1	1.6	ABC	3	دکھاتا
فلم <nsubj شعبوں <obj کرتی	فلم	شعبوں	کرتی	1	1.6	ABC	3	کرتی
فلم <nsubj لوگوں <obj لے	فلم	لوگوں	لے	1	1.6	ABC	3	لے
فلم <nsubj مصروفیات <obj کرتی	فلم	مصروفیات	کرتی	1	1.6	ABC	3	کرتی
فلم <nsubj معیار <obj کرے	فلم	معیار	کرے	1	1.6	ABC	3	کرے
فلم <nsubj کامیابی <obj کرے	فلم	کامیابی	کرے	1	1.6	ABC	3	کرے
فلم <obj بچے <nsubj دیکھنا	فلم	بچے	دیکھنا	1	1.6	ABC	3	دیکھنا
فنز <nsubj سفر <obj کر	فنز	سفر	کر	1	1.6	ABC	3	کر
فنکار <nsubj اداکاری <obj کی	فنکار	اداکاری	کی	1	1.6	ABC	3	کی
فنکاروں <nsubj فرہنگ <obj کیا	فنکاروں	فرہنگ	کیا	1	1.6	ABC	3	کیا
فنکاروں <nsubj ڈانسز <obj کیے	فنکاروں	ڈانسز	کیے	1	1.6	ABC	3	کیے
فورسز <nsubj اقدامات <obj اٹھائے	فورسز	اقدامات	اٹھائے	1	1.6	ABC	3	اٹھائے
فورسز <nsubj ایپلیکیشن <obj کی	فورسز	ایپلیکیشن	کی	1	1.6	ABC	3	کی
فون <nsubj تجربہ <obj کرتا	فون	تجربہ	کرتا	1	1.6	ABC	3	کرتا
فون <nsubj تصاویر <obj کر	فون	تصاویر	کر	1	1.6	ABC	3	کر
فون <nsubj فونوں <obj کرے	فون	فونوں	کرے	1	1.6	ABC	3	کرے
فون <nsubj پرفارمنس <obj دیتا	فون	پرفارمنس	دیتا	1	1.6	ABC	3	دیتا
فون <nsubj کارڈ <obj کرتا	فون	کارڈ	کرتا	1	1.6	ABC	3	کرتا
فون <nsubj کیمرہ <obj کرتا	فون	کیمرہ	کرتا	1	1.6	ABC	3	کرتا
فون <nsubj کیمرہ <obj ہے	فون	کیمرہ	ہے	1	1.6	ABC	3	ہے
فیصلہ <nsubj قدم <obj ہے	فیصلہ	قدم	ہے	1	1.6	ABC	3	ہے
فیصلہ <nsubj مالکوں <obj کرے	فیصلہ	مالکوں	کرے	1	1.6	ABC	3	کرے
فیصلہ <nsubj معیشت <obj بنائے	فیصلہ	معیشت	بنائے	1	1.6	ABC	3	بنائے
فیصلہ <nsubj مواقع <obj کرے	فیصلہ	مواقع	کرے	1	1.6	ABC	3	کرے
فیصلہ <nsubj کرتا >obj کاروب	فیصلہ	کرتا	کاروب	1	1.6	ABC	3	کرتا
فیصلے <nsubj فینز <obj بھر	فیصلے	فینز	بھر	1	1.6	ABC	3	بھر
فین <nsubj فنڈ <obj کیا	فین	فنڈ	کیا	1	1.6	ABC	3	کیا
فینز <nsubj انکشاف <obj کیا	فینز	انکشاف	کیا	1	1.6	ABC	3	کیا
فینز <nsubj بات <obj ہے	فینز	بات	ہے	1	1.6	ABC	3	ہے
فینز <nsubj بوجھ <obj ہوگیا	فینز	بوجھ	ہوگیا	1	1.6	ABC	3	ہوگیا
فینز <nsubj بیان <obj سمجھا	فینز	بیان	سمجھا	1	1.6	ABC	3	سمجھا
فینز <nsubj بیان <obj کیا	فینز	بیان	کیا	1	1.6	ABC	3	کیا
فینز <nsubj تصاویر <obj کرتے	فینز	تصاویر	کرتے	1	1.6	ABC	3	کرتے
فینز <nsubj تصاویر <obj کیں	فینز	تصاویر	کیں	1	1.6	ABC	3	کیں
فینز <nsubj تقریب <obj منائی	فینز	تقریب	منائی	1	1.6	ABC	3	منائی
فینز <nsubj خواہشات <obj دی	فینز	خواہشات	دی	1	1.6	ABC	3	دی
فینز <nsubj خیالات <obj کئے	فینز	خیالات	کئے	1	1.6	ABC	3	کئے
فینز <nsubj دن <obj منایا	فینز	دن	منایا	1	1.6	ABC	3	منایا
فینز <nsubj سوالات <obj پوچھے	فینز	سوالات	پوچھے	1	1.6	ABC	3	پوچھے
فینز <nsubj شمع <obj جلائیں	فینز	شمع	جلائیں	1	1.6	ABC	3	جلائیں
فینز <nsubj شکریہ <obj کیا	فینز	شکریہ	کیا	1	1.6	ABC	3	کیا
فینز <nsubj فیصلے <obj دیا	فینز	فیصلے	دیا	1	1.6	ABC	3	دیا
فینز <nsubj لائکس <obj دیے	فینز	لائکس	دیے	1	1.6	ABC	3	دیے
فینز <nsubj معلومات <obj کرتے	فینز	معلومات	کرتے	1	1.6	ABC	3	کرتے
فینز <nsubj موقع <obj منایا	فینز	موقع	منایا	1	1.6	ABC	3	منایا
فینز <nsubj ویڈیو <obj سراہا	فینز	ویڈیو	سراہا	1	1.6	ABC	3	سراہا
فینز <nsubj پیغامات <obj کئے	فینز	پیغامات	کئے	1	1.6	ABC	3	کئے
فینز <nsubj کہا >obj لیجنڈ	فینز	کہا	لیجنڈ	1	1.6	ABC	3	کہا
فینز <nsubj گانے <obj کررہے	فینز	گانے	کررہے	1	1.6	ABC	3	کررہے
فینز <nsubj یادوں <obj رکھیں	فینز	یادوں	رکھیں	1	1.6	ABC	3	رکھیں
فیچر <nsubj اختیارات <obj کرتا	فیچر	اختیارات	کرتا	1	1.6	ABC	3	کرتا
فیچر <nsubj استعمال <obj کرتا	فیچر	استعمال	کرتا	1	1.6	ABC	3	کرتا
فیچر <nsubj سہولت <obj کرتا	فیچر	سہولت	کرتا	1	1.6	ABC	3	کرتا
فیچر <nsubj سہولت <obj کرے	فیچر	سہولت	کرے	1	1.6	ABC	3	کرے
فیچر <nsubj صارفین <obj بچائے	فیچر	صارفین	بچائے	1	1.6	ABC	3	بچائے
فیچر <nsubj صلاحیت <obj کرتا	فیچر	صلاحیت	کرتا	1	1.6	ABC	3	کرتا
فیچر <nsubj معلومات <obj کہلاتا	فیچر	معلومات	کہلاتا	1	1.6	ABC	3	کہلاتا
فیچر <nsubj وزن <obj کرتا	فیچر	وزن	کرتا	1	1.6	ABC	3	کرتا
فیچرز <nsubj آسانی <obj کریں	فیچرز	آسانی	کریں	1	1.6	ABC	3	کریں
فیڈریشن <nsubj درخواست <obj کر	فیڈریشن	درخواست	کر	1	1.6	ABC	3	کر
قوت <nsubj کوششوں <obj بنا	قوت	کوششوں	بنا	1	1.6	ABC	3	بنا
قیمت <nsubj روپے <obj ہوگئی	قیمت	روپے	ہوگئی	1	1.6	ABC	3	ہوگئی
قیمت <nsubj پینلز <obj ہوتے	قیمت	پینلز	ہوتے	1	1.6	ABC	3	ہوتے
قیمت <nsubj ہوتی >obj قیمت	قیمت	ہوتی	قیمت	1	1.6	ABC	3	ہوتی
قیمتیں <nsubj اسمان <obj کرنے	قیمتیں	اسمان	کرنے	1	1.6	ABC	3	کرنے
لائن <nsubj اننگزی <obj کردی	لائن	اننگزی	کردی	1	1.6	ABC	3	کردی
لائن <nsubj لائن <obj روکا	لائن	لائن	روکا	1	1.6	ABC	3	روکا
لائن <nsubj لائن <obj کردیا	لائن	لائن	کردیا	1	1.6	ABC	3	کردیا
لائن <nsubj پرفارمنس <obj دکھا	لائن	پرفارمنس	دکھا	1	1.6	ABC	3	دکھا
لائن <nsubj ہدف <obj کر	لائن	ہدف	کر	1	1.6	ABC	3	کر
لوگ <nsubj ارادے <obj کرتے	لوگ	ارادے	کرتے	1	1.6	ABC	3	کرتے
لوگ <nsubj ایپ <obj کریں	لوگ	ایپ	کریں	1	1.6	ABC	3	کریں
لوگ <nsubj تیاریاں <obj کر	لوگ	تیاریاں	کر	1	1.6	ABC	3	کر
لوگ <nsubj خدمات <obj اٹھا	لوگ	خدمات	اٹھا	1	1.6	ABC	3	اٹھا
لوگ <nsubj خوشیاں <obj کرتے	لوگ	خوشیاں	کرتے	1	1.6	ABC	3	کرتے
لوگ <nsubj خیالات <obj کر	لوگ	خیالات	کر	1	1.6	ABC	3	کر
لوگ <nsubj دلچسپی <obj بھرے	لوگ	دلچسپی	بھرے	1	1.6	ABC	3	بھرے
لوگ <nsubj دوستوں <obj دیکھا	لوگ	دوستوں	دیکھا	1	1.6	ABC	3	دیکھا
لوگ <nsubj سیلفی <obj کرتے	لوگ	سیلفی	کرتے	1	1.6	ABC	3	کرتے
لوگ <nsubj فلم <obj کریں	لوگ	فلم	کریں	1	1.6	ABC	3	کریں
لوگ <nsubj فلمیں <obj دیکھ	لوگ	فلمیں	دیکھ	1	1.6	ABC	3	دیکھ
لوگ <nsubj نفع <obj کرتے	لوگ	نفع	کرتے	1	1.6	ABC	3	کرتے
لوگ <nsubj ٹشوز <obj خرید	لوگ	ٹشوز	خرید	1	1.6	ABC	3	خرید
لوگ <nsubj ٹیکس <obj دیں	لوگ	ٹیکس	دیں	1	1.6	ABC	3	دیں
لوگ <nsubj چیخیں <obj کریں	لوگ	چیخیں	کریں	1	1.6	ABC	3	کریں
لوگ <nsubj کرنسی <obj خرید	لوگ	کرنسی	خرید	1	1.6	ABC	3	خرید
لوگ <nsubj کہا >obj غلطی	لوگ	کہا	غلطی	1	1.6	ABC	3	کہا
لوگ <nsubj گاڑیاں <obj لا	لوگ	گاڑیاں	لا	1	1.6	ABC	3	لا
لوگوں <nsubj اصولوں <obj کرنا	لوگوں	اصولوں	کرنا	1	1.6	ABC	3	کرنا
لوگوں <nsubj الزامات <obj لگائے	لوگوں	الزامات	لگائے	1	1.6	ABC	3	لگائے
لوگوں <nsubj تبصرے <obj کئے	لوگوں	تبصرے	کئے	1	1.6	ABC	3	کئے
لوگوں <nsubj تصویر <obj کیا	لوگوں	تصویر	کیا	1	1.6	ABC	3	کیا
لوگوں <nsubj جدوجہد <obj رکھی	لوگوں	جدوجہد	رکھی	1	1.6	ABC	3	رکھی
لوگوں <nsubj جوابات <obj کیے	لوگوں	جوابات	کیے	1	1.6	ABC	3	کیے
لوگوں <nsubj جگہ <obj ملے	لوگوں	جگہ	ملے	1	1.6	ABC	3	ملے
لوگوں <nsubj حملے <obj کیا	لوگوں	حملے	کیا	1	1.6	ABC	3	کیا
لوگوں <nsubj خیالات <obj کئے	لوگوں	خیالات	کئے	1	1.6	ABC	3	کئے
لوگوں <nsubj دکھ <obj کرتے	لوگوں	دکھ	کرتے	1	1.6	ABC	3	کرتے
لوگوں <nsubj شکریہ <obj کرنا	لوگوں	شکریہ	کرنا	1	1.6	ABC	3	کرنا
لوگوں <nsubj ضرورت <obj ہوتی	لوگوں	ضرورت	ہوتی	1	1.6	ABC	3	ہوتی
لوگوں <nsubj معلومات <obj ہو	لوگوں	معلومات	ہو	1	1.6	ABC	3	ہو
لوگوں <nsubj ملبوسات <obj کر	لوگوں	ملبوسات	کر	1	1.6	ABC	3	کر
لوگوں <nsubj نام <obj دیا	لوگوں	نام	دیا	1	1.6	ABC	3	دیا
لوگوں <nsubj پیغامات <obj روکنا	لوگوں	پیغامات	روکنا	1	1.6	ABC	3	روکنا
لوگوں <nsubj چینل <obj بدل	لوگوں	چینل	بدل	1	1.6	ABC	3	بدل
لوگوں <nsubj کمیشن <obj دیا	لوگوں	کمیشن	دیا	1	1.6	ABC	3	دیا
لڑکی <obj شخص <nsubj کر	لڑکی	شخص	کر	1	1.6	ABC	3	کر
لڑکی <obj کمپنی <nsubj بلا	لڑکی	کمپنی	بلا	1	1.6	ABC	3	بلا
لڑکیوں <nsubj ٹکٹ <obj خریدے	لڑکیوں	ٹکٹ	خریدے	1	1.6	ABC	3	خریدے
لیکنز <nsubj بتایا >obj گانا	لیکنز	بتایا	گانا	1	1.6	ABC	3	بتایا
لیکنز <nsubj موسیقی <obj کی	لیکنز	موسیقی	کی	1	1.6	ABC	3	کی
مارکیٹ <nsubj لہر <obj کر	مارکیٹ	لہر	کر	1	1.6	ABC	3	کر
مافیا <nsubj کھلاڑیوں <obj کررہی	مافیا	کھلاڑیوں	کررہی	1	1.6	ABC	3	کررہی
مالک <nsubj دعوت <obj کیا	مالک	دعوت	کیا	1	1.6	ABC	3	کیا
مالک <nsubj لڑکی <obj بلا	مالک	لڑکی	بلا	1	1.6	ABC	3	بلا
مالکان <nsubj بتایا >obj وٹس	مالکان	بتایا	وٹس	1	1.6	ABC	3	بتایا
مالکان <nsubj بیان <obj کیا	مالکان	بیان	کیا	1	1.6	ABC	3	کیا
مالکان <nsubj وارننگ <obj کی	مالکان	وارننگ	کی	1	1.6	ABC	3	کی
مالکان <nsubj ہدایات <obj کردیں	مالکان	ہدایات	کردیں	1	1.6	ABC	3	کردیں
مالکوں <nsubj بتایا >obj خریدار	مالکوں	بتایا	خریدار	1	1.6	ABC	3	بتایا
مالکوں <nsubj بیان <obj کیا	مالکوں	بیان	کیا	1	1.6	ABC	3	کیا
مالکین <nsubj کاروبار <obj کر	مالکین	کاروبار	کر	1	1.6	ABC	3	کر
ماڈلز <nsubj ملبوسات <obj پہنے	ماڈلز	ملبوسات	پہنے	1	1.6	ABC	3	پہنے
ماڈلز <nsubj پہنے >obj قمیص	ماڈلز	پہنے	قمیص	1	1.6	ABC	3	پہنے
ماں <nsubj مقدمہ <obj کرائی	ماں	مقدمہ	کرائی	1	1.6	ABC	3	کرائی
ماہرین <nsubj تصاویر <obj دکھائیں	ماہرین	تصاویر	دکھائیں	1	1.6	ABC	3	دکھائیں
ماہرین <nsubj خوشیوں <obj کرتے	ماہرین	خوشیوں	کرتے	1	1.6	ABC	3	کرتے
ماہرین <nsubj راہ <obj کی	ماہرین	راہ	کی	1	1.6	ABC	3	کی
ماہرین <nsubj سیارہ <obj کرلیا	ماہرین	سیارہ	کرلیا	1	1.6	ABC	3	کرلیا
ماہرین <nsubj ضرورت <obj بتایا	ماہرین	ضرورت	بتایا	1	1.6	ABC	3	بتایا
ماہرین <nsubj نظام <obj کیا	ماہرین	نظام	کیا	1	1.6	ABC	3	کیا
ماہرین <nsubj کہتے >obj طریقہ	ماہرین	کہتے	طریقہ	1	1.6	ABC	3	کہتے
محتسب <nsubj حکم <obj کر	محتسب	حکم	کر	1	1.6	ABC	3	کر
محتسب <nsubj کہا >obj پالیس	محتسب	کہا	پالیس	1	1.6	ABC	3	کہا
مدت <nsubj نتائج <obj کرے	مدت	نتائج	کرے	1	1.6	ABC	3	کرے
مسئولین <nsubj معاملے <obj کرنا	مسئولین	معاملے	کرنا	1	1.6	ABC	3	کرنا
مسئولین <nsubj موقف <obj کر	مسئولین	موقف	کر	1	1.6	ABC	3	کر
مسافر <nsubj نام <obj کرنی	مسافر	نام	کرنی	1	1.6	ABC	3	کرنی
مسافروں <nsubj ایکٹ <obj کرنا	مسافروں	ایکٹ	کرنا	1	1.6	ABC	3	کرنا
مسافرین <nsubj ناراضگی <obj کی	مسافرین	ناراضگی	کی	1	1.6	ABC	3	کی
مشورے <obj بوکسرز <nsubj اٹھاتے	مشورے	بوکسرز	اٹھاتے	1	1.6	ABC	3	اٹھاتے
مصباحوں <nsubj بات <obj کر	مصباحوں	بات	کر	1	1.6	ABC	3	کر
مصنف <nsubj تجربات <obj کیا	مصنف	تجربات	کیا	1	1.6	ABC	3	کیا
مصنفین <nsubj دیا >obj کہانی	مصنفین	دیا	کہانی	1	1.6	ABC	3	دیا
مقابلے <nsubj موقع <obj کریں	مقابلے	موقع	کریں	1	1.6	ABC	3	کریں
مقصد <nsubj دنیا <obj بنانا	مقصد	دنیا	بنانا	1	1.6	ABC	3	بنانا
مقصد <nsubj مانیٹرنگ <obj بنانا	مقصد	مانیٹرنگ	بنانا	1	1.6	ABC	3	بنانا
مقصد <nsubj ہے >obj ستونوں	مقصد	ہے	ستونوں	1	1.6	ABC	3	ہے
ملازمین <nsubj رقم <obj کر	ملازمین	رقم	کر	1	1.6	ABC	3	کر
ملازمین <nsubj رقم <obj کروا	ملازمین	رقم	کروا	1	1.6	ABC	3	کروا
ملزم <nsubj گولیاں <obj ماریں	ملزم	گولیاں	ماریں	1	1.6	ABC	3	ماریں
ممالک <nsubj جگہ <obj دے	ممالک	جگہ	دے	1	1.6	ABC	3	دے
ممبران <nsubj بتایا >obj بڑ	ممبران	بتایا	بڑ	1	1.6	ABC	3	بتایا
منصوبہ <nsubj راہیں <obj کھولے	منصوبہ	راہیں	کھولے	1	1.6	ABC	3	کھولے
منظمین <nsubj بیان <obj کی	منظمین	بیان	کی	1	1.6	ABC	3	کی
مواد <nsubj رو <obj کرتے	مواد	رو	کرتے	1	1.6	ABC	3	کرتے
موجودگی <nsubj مقدمے <obj کرتی	موجودگی	مقدمے	کرتی	1	1.6	ABC	3	کرتی
موسیقی <obj دوست <nsubj کیا	موسیقی	دوست	کیا	1	1.6	ABC	3	کیا
موڈ <nsubj ماحول <obj کرتا	موڈ	ماحول	کرتا	1	1.6	ABC	3	کرتا
میئر <nsubj خواہش <obj کیا	میئر	خواہش	کیا	1	1.6	ABC	3	کیا
میتھیووینڈر <nsubj فتح <obj کیا	میتھیووینڈر	فتح	کیا	1	1.6	ABC	3	کیا
میزبان <nsubj بتایا >obj شکل	میزبان	بتایا	شکل	1	1.6	ABC	3	بتایا
میٹرز <nsubj استعمال <obj کرتے	میٹرز	استعمال	کرتے	1	1.6	ABC	3	کرتے
میٹرز <nsubj حصول <obj رکھتے	میٹرز	حصول	رکھتے	1	1.6	ABC	3	رکھتے
میپس <nsubj معلومات <obj کرتا	میپس	معلومات	کرتا	1	1.6	ABC	3	کرتا
میڈیا <nsubj خبریں <obj کی	میڈیا	خبریں	کی	1	1.6	ABC	3	کی
میڈیا <nsubj رپورٹ <obj کی	میڈیا	رپورٹ	کی	1	1.6	ABC	3	کی
نام <nsubj فیصلے <obj سراہے	نام	فیصلے	سراہے	1	1.6	ABC	3	سراہے
نام <nsubj ٹریلر <obj کر	نام	ٹریلر	کر	1	1.6	ABC	3	کر
نام <nsubj کام <obj کریں	نام	کام	کریں	1	1.6	ABC	3	کریں
نام <obj دنیا <nsubj ہے	نام	دنیا	ہے	1	1.6	ABC	3	ہے
نظام <nsubj سینسر <obj کرتا	نظام	سینسر	کرتا	1	1.6	ABC	3	کرتا
نمائندے <nsubj کارنامے <obj کر	نمائندے	کارنامے	کر	1	1.6	ABC	3	کر
نمبر <nsubj کردار <obj کرتے	نمبر	کردار	کرتے	1	1.6	ABC	3	کرتے
نوجوان <nsubj بلندیاں <obj کر	نوجوان	بلندیاں	کر	1	1.6	ABC	3	کر
واقعہ <nsubj خطرے <obj کر	واقعہ	خطرے	کر	1	1.6	ABC	3	کر
واقعہ <nsubj دلچسپی <obj بھر	واقعہ	دلچسپی	بھر	1	1.6	ABC	3	بھر
واقعہ <nsubj شوقینِ <obj بھر	واقعہ	شوقینِ	بھر	1	1.6	ABC	3	بھر
واقعہ <nsubj ضرورت <obj کر	واقعہ	ضرورت	کر	1	1.6	ABC	3	کر
واقعے <nsubj لوگوں <obj کر	واقعے	لوگوں	کر	1	1.6	ABC	3	کر
والدین <nsubj استعمال <obj دیکھ	والدین	استعمال	دیکھ	1	1.6	ABC	3	دیکھ
والدین <nsubj انتخاب <obj کیا	والدین	انتخاب	کیا	1	1.6	ABC	3	کیا
والدین <nsubj ایپ <obj کریں	والدین	ایپ	کریں	1	1.6	ABC	3	کریں
والدین <nsubj حدود <obj بتانے	والدین	حدود	بتانے	1	1.6	ABC	3	بتانے
والدین <nsubj خوشخبری <obj سنائی	والدین	خوشخبری	سنائی	1	1.6	ABC	3	سنائی
والدین <nsubj ٹکٹ <obj خریدا	والدین	ٹکٹ	خریدا	1	1.6	ABC	3	خریدا
والدین <nsubj پروپوزل <obj کر	والدین	پروپوزل	کر	1	1.6	ABC	3	کر
والدین <nsubj ڈاؤن <obj کریں	والدین	ڈاؤن	کریں	1	1.6	ABC	3	کریں
والدین <nsubj کنٹرولر <obj خریدیں	والدین	کنٹرولر	خریدیں	1	1.6	ABC	3	خریدیں
وزیر <nsubj ضرورت <obj کیا	وزیر	ضرورت	کیا	1	1.6	ABC	3	کیا
وزیر <nsubj کہا >obj قیمت	وزیر	کہا	قیمت	1	1.6	ABC	3	کہا
وزیر <nsubj کہا >obj مقصد	وزیر	کہا	مقصد	1	1.6	ABC	3	کہا
ولن <nsubj دلوں <obj چھو	ولن	دلوں	چھو	1	1.6	ABC	3	چھو
وکیل <nsubj الزام <obj کیا	وکیل	الزام	کیا	1	1.6	ABC	3	کیا
وکیل <nsubj کہا >obj بنیاد	وکیل	کہا	بنیاد	1	1.6	ABC	3	کہا
وکیل <nsubj کہا >obj مجرم	وکیل	کہا	مجرم	1	1.6	ABC	3	کہا
وکیلوں <nsubj فیصلے <obj دیا	وکیلوں	فیصلے	دیا	1	1.6	ABC	3	دیا
ویڈ <nsubj غصہ <obj کیا	ویڈ	غصہ	کیا	1	1.6	ABC	3	کیا
ویڈیو <nsubj تعریفیں <obj کرائی	ویڈیو	تعریفیں	کرائی	1	1.6	ABC	3	کرائی
ٹرانسفارمرز <nsubj حصوں <obj کرتے	ٹرانسفارمرز	حصوں	کرتے	1	1.6	ABC	3	کرتے
ٹرک <nsubj گاڑی <obj ٹکرا	ٹرک	گاڑی	ٹکرا	1	1.6	ABC	3	ٹکرا
ٹریلر <nsubj دلچسپی <obj بھر	ٹریلر	دلچسپی	بھر	1	1.6	ABC	3	بھر
ٹریلر <nsubj دلچسپی <obj کی	ٹریلر	دلچسپی	کی	1	1.6	ABC	3	کی
ٹریلر <nsubj فینز <obj کردیا	ٹریلر	فینز	کردیا	1	1.6	ABC	3	کردیا
ٹوئیٹر <nsubj اکاؤنٹس <obj کردیے	ٹوئیٹر	اکاؤنٹس	کردیے	1	1.6	ABC	3	کردیے
ٹھرمومیٹر <nsubj حرارت <obj ناپتا	ٹھرمومیٹر	حرارت	ناپتا	1	1.6	ABC	3	ناپتا
ٹیم <nsubj الگورتھم <obj کیا	ٹیم	الگورتھم	کیا	1	1.6	ABC	3	کیا
ٹیم <nsubj ایک <obj ہرا	ٹیم	ایک	ہرا	1	1.6	ABC	3	ہرا
ٹیم <nsubj باب <obj کھول	ٹیم	باب	کھول	1	1.6	ABC	3	کھول
ٹیم <nsubj بالنگ <obj بنایا	ٹیم	بالنگ	بنایا	1	1.6	ABC	3	بنایا
ٹیم <nsubj برابری <obj کر	ٹیم	برابری	کر	1	1.6	ABC	3	کر
ٹیم <nsubj بولرز <obj بھیج	ٹیم	بولرز	بھیج	1	1.6	ABC	3	بھیج
ٹیم <nsubj بولرز <obj بھیجا	ٹیم	بولرز	بھیجا	1	1.6	ABC	3	بھیجا
ٹیم <nsubj تجربہ <obj کر	ٹیم	تجربہ	کر	1	1.6	ABC	3	کر
ٹیم <nsubj تجربہ <obj کرنے	ٹیم	تجربہ	کرنے	1	1.6	ABC	3	کرنے
ٹیم <nsubj ترکیب <obj کی	ٹیم	ترکیب	کی	1	1.6	ABC	3	کی
ٹیم <nsubj ترکیب <obj کیا	ٹیم	ترکیب	کیا	1	1.6	ABC	3	کیا
ٹیم <nsubj تصاویر <obj کھینچیں	ٹیم	تصاویر	کھینچیں	1	1.6	ABC	3	کھینچیں
ٹیم <nsubj تیاری <obj کردی	ٹیم	تیاری	کردی	1	1.6	ABC	3	کردی
ٹیم <nsubj تیاریاں <obj رکھنی	ٹیم	تیاریاں	رکھنی	1	1.6	ABC	3	رکھنی
ٹیم <nsubj تیاریاں <obj کر	ٹیم	تیاریاں	کر	1	1.6	ABC	3	کر
ٹیم <nsubj جگہ <obj بنالی	ٹیم	جگہ	بنالی	1	1.6	ABC	3	بنالی
ٹیم <nsubj جگہ <obj کرلی	ٹیم	جگہ	کرلی	1	1.6	ABC	3	کرلی
ٹیم <nsubj حصول <obj کیا	ٹیم	حصول	کیا	1	1.6	ABC	3	کیا
ٹیم <nsubj دفاع <obj بنایا	ٹیم	دفاع	بنایا	1	1.6	ABC	3	بنایا
ٹیم <nsubj رنز <obj بنا	ٹیم	رنز	بنا	1	1.6	ABC	3	بنا
ٹیم <nsubj رنز <obj بنانے	ٹیم	رنز	بنانے	1	1.6	ABC	3	بنانے
ٹیم <nsubj سطح <obj کرنے	ٹیم	سطح	کرنے	1	1.6	ABC	3	کرنے
ٹیم <nsubj سفر <obj کر	ٹیم	سفر	کر	1	1.6	ABC	3	کر
ٹیم <nsubj سکورز <obj کئے	ٹیم	سکورز	کئے	1	1.6	ABC	3	کئے
ٹیم <nsubj سیریز <obj لی	ٹیم	سیریز	لی	1	1.6	ABC	3	لی
ٹیم <nsubj سیریز <obj لیا	ٹیم	سیریز	لیا	1	1.6	ABC	3	لیا
ٹیم <nsubj سیریز <obj لیں	ٹیم	سیریز	لیں	1	1.6	ABC	3	لیں
ٹیم <nsubj شکریہ <obj کیا	ٹیم	شکریہ	کیا	1	1.6	ABC	3	کیا
ٹیم <nsubj فہرست <obj کی	ٹیم	فہرست	کی	1	1.6	ABC	3	کی
ٹیم <nsubj قرار <obj کرتے	ٹیم	قرار	کرتے	1	1.6	ABC	3	کرتے
ٹیم <nsubj لائن <obj کر	ٹیم	لائن	کر	1	1.6	ABC	3	کر
ٹیم <nsubj لسٹ <obj کر	ٹیم	لسٹ	کر	1	1.6	ABC	3	کر
ٹیم <nsubj مقابلہ <obj جیتا	ٹیم	مقابلہ	جیتا	1	1.6	ABC	3	جیتا
ٹیم <nsubj مقابلہ <obj کھیلا	ٹیم	مقابلہ	کھیلا	1	1.6	ABC	3	کھیلا
ٹیم <nsubj مقابلہ <obj کھیلنا	ٹیم	مقابلہ	کھیلنا	1	1.6	ABC	3	کھیلنا
ٹیم <nsubj مقابلے <obj کردیا	ٹیم	مقابلے	کردیا	1	1.6	ABC	3	کردیا
ٹیم <nsubj موقع <obj ہے	ٹیم	موقع	ہے	1	1.6	ABC	3	ہے
ٹیم <nsubj مہارتوں <obj دکھائیں	ٹیم	مہارتوں	دکھائیں	1	1.6	ABC	3	دکھائیں
ٹیم <nsubj میچ <obj کھیلا	ٹیم	میچ	کھیلا	1	1.6	ABC	3	کھیلا
ٹیم <nsubj میچ <obj کھیلنا	ٹیم	میچ	کھیلنا	1	1.6	ABC	3	کھیلنا
ٹیم <nsubj میچ <obj کھیلے	ٹیم	میچ	کھیلے	1	1.6	ABC	3	کھیلے
ٹیم <nsubj میچز <obj کھیلے	ٹیم	میچز	کھیلے	1	1.6	ABC	3	کھیلے
ٹیم <nsubj نتیجہ <obj کیا	ٹیم	نتیجہ	کیا	1	1.6	ABC	3	کیا
ٹیم <nsubj وکٹ <obj ہاری	ٹیم	وکٹ	ہاری	1	1.6	ABC	3	ہاری
ٹیم <nsubj وکٹیں <obj نکالیں	ٹیم	وکٹیں	نکالیں	1	1.6	ABC	3	نکالیں
ٹیم <nsubj ٹارگٹ <obj بنائی	ٹیم	ٹارگٹ	بنائی	1	1.6	ABC	3	بنائی
ٹیم <nsubj ٹشوز <obj بنائے	ٹیم	ٹشوز	بنائے	1	1.6	ABC	3	بنائے
ٹیم <nsubj ٹشوز <obj کئے	ٹیم	ٹشوز	کئے	1	1.6	ABC	3	کئے
ٹیم <nsubj ٹوئنٹیز <obj جیتے	ٹیم	ٹوئنٹیز	جیتے	1	1.6	ABC	3	جیتے
ٹیم <nsubj ٹیم <obj بھیج	ٹیم	ٹیم	بھیج	1	1.6	ABC	3	بھیج
ٹیم <nsubj ٹیم <obj دی	ٹیم	ٹیم	دی	1	1.6	ABC	3	دی
ٹیم <nsubj ٹیم <obj دے	ٹیم	ٹیم	دے	1	1.6	ABC	3	دے
ٹیم <nsubj ٹیم <obj کردیا	ٹیم	ٹیم	کردیا	1	1.6	ABC	3	کردیا
ٹیم <nsubj ٹیموں <obj کرنا	ٹیم	ٹیموں	کرنا	1	1.6	ABC	3	کرنا
ٹیم <nsubj ٹیکنالوجی <obj کی	ٹیم	ٹیکنالوجی	کی	1	1.6	ABC	3	کی
ٹیم <nsubj ڈھال <obj کی	ٹیم	ڈھال	کی	1	1.6	ABC	3	کی
ٹیم <nsubj کارکردگی <obj بنایا	ٹیم	کارکردگی	بنایا	1	1.6	ABC	3	بنایا
ٹیم <nsubj کارکردگی <obj دکھائی	ٹیم	کارکردگی	دکھائی	1	1.6	ABC	3	دکھائی
ٹیم <nsubj کارکردگی <obj کرنی	ٹیم	کارکردگی	کرنی	1	1.6	ABC	3	کرنی
ٹیم <nsubj کارکردگی <obj کی	ٹیم	کارکردگی	کی	1	1.6	ABC	3	کی
ٹیم <nsubj کام <obj کرنا	ٹیم	کام	کرنا	1	1.6	ABC	3	کرنا
ٹیم <nsubj کامیابی <obj کرلی	ٹیم	کامیابی	کرلی	1	1.6	ABC	3	کرلی
ٹیم <nsubj کردار <obj کر	ٹیم	کردار	کر	1	1.6	ABC	3	کر
ٹیم <nsubj کردار <obj کیا	ٹیم	کردار	کیا	1	1.6	ABC	3	کیا
ٹیم <nsubj کرنے >obj فینس	ٹیم	کرنے	فینس	1	1.6	ABC	3	کرنے
ٹیم <nsubj کرکٹ <obj کھیلے	ٹیم	کرکٹ	کھیلے	1	1.6	ABC	3	کھیلے
ٹیم <nsubj کوشش <obj دی	ٹیم	کوشش	دی	1	1.6	ABC	3	دی
ٹیم <nsubj کوششوں <obj رکھا	ٹیم	کوششوں	رکھا	1	1.6	ABC	3	رکھا
ٹیم <nsubj کپ <obj جیتا	ٹیم	کپ	جیتا	1	1.6	ABC	3	جیتا
ٹیم <nsubj کھلاڑیوں <obj بلایا	ٹیم	کھلاڑیوں	بلایا	1	1.6	ABC	3	بلایا
ٹیم <nsubj کھلاڑیوں <obj کیا	ٹیم	کھلاڑیوں	کیا	1	1.6	ABC	3	کیا
ٹیم <nsubj کھیل <obj بنایا	ٹیم	کھیل	بنایا	1	1.6	ABC	3	بنایا
ٹیم <nsubj کھیل <obj روک	ٹیم	کھیل	روک	1	1.6	ABC	3	روک
ٹیم <nsubj ہاتھ <obj بڑھائے	ٹیم	ہاتھ	بڑھائے	1	1.6	ABC	3	بڑھائے
ٹیم <nsubj ہدف <obj دیا	ٹیم	ہدف	دیا	1	1.6	ABC	3	دیا
ٹیمز <nsubj جگہ <obj بنانا	ٹیمز	جگہ	بنانا	1	1.6	ABC	3	بنانا
ٹیموں <nsubj اننگز <obj دکھائے	ٹیموں	اننگز	دکھائے	1	1.6	ABC	3	دکھائے
ٹیموں <nsubj بجٹ <obj کیا	ٹیموں	بجٹ	کیا	1	1.6	ABC	3	کیا
ٹیموں <nsubj تیاریاں <obj کر	ٹیموں	تیاریاں	کر	1	1.6	ABC	3	کر
ٹیموں <nsubj روپے <obj کئے	ٹیموں	روپے	کئے	1	1.6	ABC	3	کئے
ٹیموں <nsubj شرٹس <obj خریدے	ٹیموں	شرٹس	خریدے	1	1.6	ABC	3	خریدے
ٹیموں <nsubj شرٹس <obj کروائے	ٹیموں	شرٹس	کروائے	1	1.6	ABC	3	کروائے
ٹیموں <nsubj فہرستیں <obj کر	ٹیموں	فہرستیں	کر	1	1.6	ABC	3	کر
ٹیموں <nsubj کام <obj کیا	ٹیموں	کام	کیا	1	1.6	ABC	3	کیا
ٹیموں <nsubj کامیابی <obj کی	ٹیموں	کامیابی	کی	1	1.6	ABC	3	کی
ٹیموں <nsubj کردار <obj کیا	ٹیموں	کردار	کیا	1	1.6	ABC	3	کیا
ٹیموں <nsubj کیمپس <obj کئے	ٹیموں	کیمپس	کئے	1	1.6	ABC	3	کئے
ٹیمیں <nsubj ٹیموں <obj کریں	ٹیمیں	ٹیموں	کریں	1	1.6	ABC	3	کریں
ٹیچر <nsubj طریقہ <obj بتایا	ٹیچر	طریقہ	بتایا	1	1.6	ABC	3	بتایا
ٹیکنالوجی <obj کمپنی <nsubj کی	ٹیکنالوجی	کمپنی	کی	1	1.6	ABC	3	کی
پاکستانی <nsubj کام <obj کرتے	پاکستانی	کام	کرتے	1	1.6	ABC	3	کرتے
پروجیکٹس <nsubj مواقع <obj کر	پروجیکٹس	مواقع	کر	1	1.6	ABC	3	کر
پلیر <nsubj میچ <obj کرنے	پلیر	میچ	کرنے	1	1.6	ABC	3	کرنے
پولیس <nsubj افراد <obj کر	پولیس	افراد	کر	1	1.6	ABC	3	کر
پولیس <nsubj بندوق <obj کیا	پولیس	بندوق	کیا	1	1.6	ABC	3	کیا
پولیس <nsubj بچے <obj بچا	پولیس	بچے	بچا	1	1.6	ABC	3	بچا
پولیس <nsubj تحقیقات <obj کر	پولیس	تحقیقات	کر	1	1.6	ABC	3	کر
پولیس <nsubj دوست <obj کر	پولیس	دوست	کر	1	1.6	ABC	3	کر
پولیس <nsubj دکاندار <obj کر	پولیس	دکاندار	کر	1	1.6	ABC	3	کر
پولیس <nsubj شخص <obj کر	پولیس	شخص	کر	1	1.6	ABC	3	کر
پولیس <nsubj عملیات <obj کر	پولیس	عملیات	کر	1	1.6	ABC	3	کر
پولیس <nsubj لڑکیوں <obj پکڑ	پولیس	لڑکیوں	پکڑ	1	1.6	ABC	3	پکڑ
پولیس <nsubj لڑکیوں <obj پکڑا	پولیس	لڑکیوں	پکڑا	1	1.6	ABC	3	پکڑا
پولیس <nsubj لڑکیوں <obj کر	پولیس	لڑکیوں	کر	1	1.6	ABC	3	کر
پولیس <nsubj مشتبہ <obj کیا	پولیس	مشتبہ	کیا	1	1.6	ABC	3	کیا
پولیس <nsubj مقدمات <obj کئے	پولیس	مقدمات	کئے	1	1.6	ABC	3	کئے
پولیس <nsubj مقدمہ <obj کر	پولیس	مقدمہ	کر	1	1.6	ABC	3	کر
پولیس <nsubj کار <obj کر	پولیس	کار	کر	1	1.6	ABC	3	کر
پولیس <nsubj گاڑی <obj کیا	پولیس	گاڑی	کیا	1	1.6	ABC	3	کیا
پولیس <nsubj گروہوں <obj بنایا	پولیس	گروہوں	بنایا	1	1.6	ABC	3	بنایا
پولیس <nsubj ہدایات <obj کی	پولیس	ہدایات	کی	1	1.6	ABC	3	کی
پہیلی <nsubj دماغ <obj کر	پہیلی	دماغ	کر	1	1.6	ABC	3	کر
پیسرز <nsubj لائن <obj روکا	پیسرز	لائن	روکا	1	1.6	ABC	3	روکا
پیشہ <nsubj دلچسپی <obj کی	پیشہ	دلچسپی	کی	1	1.6	ABC	3	کی
چانسلر <nsubj بتایا >obj اقدام	چانسلر	بتایا	اقدام	1	1.6	ABC	3	بتایا
چپ <obj ٹیم <nsubj کیا	چپ	ٹیم	کیا	1	1.6	ABC	3	کیا
چڑیا <nsubj کردار <obj کر	چڑیا	کردار	کر	1	1.6	ABC	3	کر
چیزیں <nsubj زندگی <obj بناتی	چیزیں	زندگی	بناتی	1	1.6	ABC	3	بناتی
چیلسی <obj شہریوں <nsubj بنایا	چیلسی	شہریوں	بنایا	1	1.6	ABC	3	بنایا
چیلنجر <nsubj رینز <obj ڈال	چیلنجر	رینز	ڈال	1	1.6	ABC	3	ڈال
ڈائریکٹر <nsubj بتایا >obj کہانی	ڈائریکٹر	بتایا	کہانی	1	1.6	ABC	3	بتایا
ڈائریکٹر <nsubj کام <obj کر	ڈائریکٹر	کام	کر	1	1.6	ABC	3	کر
ڈائریکٹرز <nsubj فیصلے <obj کر	ڈائریکٹرز	فیصلے	کر	1	1.6	ABC	3	کر
ڈائریکٹری <obj ڈائریکٹر <nsubj کر	ڈائریکٹری	ڈائریکٹر	کر	1	1.6	ABC	3	کر
ڈرائیور <nsubj بس <obj بچا	ڈرائیور	بس	بچا	1	1.6	ABC	3	بچا
ڈرائیور <nsubj تبدیلی <obj لائی	ڈرائیور	تبدیلی	لائی	1	1.6	ABC	3	لائی
ڈرائیور <obj لوگوں <nsubj کیا	ڈرائیور	لوگوں	کیا	1	1.6	ABC	3	کیا
ڈیزائنرز <nsubj انٹرویوز <obj دیے	ڈیزائنرز	انٹرویوز	دیے	1	1.6	ABC	3	دیے
ڈیزائنرز <nsubj بکنگ <obj کر	ڈیزائنرز	بکنگ	کر	1	1.6	ABC	3	کر
ڈیزائنرز <nsubj تقریبات <obj کیں	ڈیزائنرز	تقریبات	کیں	1	1.6	ABC	3	کیں
ڈیزائنرز <nsubj مدلز <obj سجایا	ڈیزائنرز	مدلز	سجایا	1	1.6	ABC	3	سجایا
ڈیزائنرز <nsubj ملبوسات <obj کئے	ڈیزائنرز	ملبوسات	کئے	1	1.6	ABC	3	کئے
ڈیوائس <nsubj آسانی <obj کرتا	ڈیوائس	آسانی	کرتا	1	1.6	ABC	3	کرتا
ڈیوائس <nsubj صلاحیت <obj کرتا	ڈیوائس	صلاحیت	کرتا	1	1.6	ABC	3	کرتا
ڈیوائس <nsubj معلومات <obj کرتا	ڈیوائس	معلومات	کرتا	1	1.6	ABC	3	کرتا
کارخانوں <nsubj ٹیسٹس <obj کیے	کارخانوں	ٹیسٹس	کیے	1	1.6	ABC	3	کیے
کارخانے <nsubj سائٹ <obj کی	کارخانے	سائٹ	کی	1	1.6	ABC	3	کی
کارخانے <nsubj ٹیم <obj کی	کارخانے	ٹیم	کی	1	1.6	ABC	3	کی
کارروائی <nsubj بتایا >obj ب	کارروائی	بتایا	ب	1	1.6	ABC	3	بتایا
کارروائی <nsubj فینز <obj کر	کارروائی	فینز	کر	1	1.6	ABC	3	کر
کارروائیوں <obj عوام <nsubj ہوگا	کارروائیوں	عوام	ہوگا	1	1.6	ABC	3	ہوگا
کارنامے <nsubj کرنیش <obj کھڑی	کارنامے	کرنیش	کھڑی	1	1.6	ABC	3	کھڑی
کارنیوال <nsubj لوگوں <obj کرتا	کارنیوال	لوگوں	کرتا	1	1.6	ABC	3	کرتا
کارکنان <nsubj ٹیکنالوجی <obj کی	کارکنان	ٹیکنالوجی	کی	1	1.6	ABC	3	کی
کارکنان <nsubj کام <obj کیا	کارکنان	کام	کیا	1	1.6	ABC	3	کیا
کارکنان <nsubj کھیل <obj کیا	کارکنان	کھیل	کیا	1	1.6	ABC	3	کیا
کام <obj ہیں >nsubj سرمای	کام	ہیں	سرمای	1	1.6	ABC	3	ہیں
کامیابی <nsubj احساس <obj کیا	کامیابی	احساس	کیا	1	1.6	ABC	3	کیا
کتاب <nsubj نام <obj ہے	کتاب	نام	ہے	1	1.6	ABC	3	ہے
کتابیں <nsubj زندگی <obj بناتی	کتابیں	زندگی	بناتی	1	1.6	ABC	3	بناتی
کراٹیکاز <nsubj تمغہ <obj کرلیا	کراٹیکاز	تمغہ	کرلیا	1	1.6	ABC	3	کرلیا
کرداروں <nsubj کام <obj کرنا	کرداروں	کام	کرنا	1	1.6	ABC	3	کرنا
کرنسی <nsubj دائرہ <obj کہلائے	کرنسی	دائرہ	کہلائے	1	1.6	ABC	3	کہلائے
کرکٹ <nsubj ریکارڈ <obj کیا	کرکٹ	ریکارڈ	کیا	1	1.6	ABC	3	کیا
کرکٹرز <nsubj آرام <obj ملے	کرکٹرز	آرام	ملے	1	1.6	ABC	3	ملے
کرکٹرز <nsubj جرمانے <obj دینے	کرکٹرز	جرمانے	دینے	1	1.6	ABC	3	دینے
کریمنلز <nsubj سسٹمز <obj کیا	کریمنلز	سسٹمز	کیا	1	1.6	ABC	3	کیا
کریمنلز <nsubj مالور <obj کیا	کریمنلز	مالور	کیا	1	1.6	ABC	3	کیا
کسٹمز <nsubj چھالیہ <obj کرلی	کسٹمز	چھالیہ	کرلی	1	1.6	ABC	3	کرلی
کلائنٹ <nsubj مقدمہ <obj کرنے	کلائنٹ	مقدمہ	کرنے	1	1.6	ABC	3	کرنے
کلپس <nsubj کام <obj کرے	کلپس	کام	کرے	1	1.6	ABC	3	کرے
کمپنی <nsubj اسٹوڈیو <obj خرید	کمپنی	اسٹوڈیو	خرید	1	1.6	ABC	3	خرید
کمپنی <nsubj ایپ <obj کی	کمپنی	ایپ	کی	1	1.6	ABC	3	کی
کمپنی <nsubj بیان <obj کیا	کمپنی	بیان	کیا	1	1.6	ABC	3	کیا
کمپنی <nsubj تدابیر <obj کردیں	کمپنی	تدابیر	کردیں	1	1.6	ABC	3	کردیں
کمپنی <nsubj تقسیم <obj کردی	کمپنی	تقسیم	کردی	1	1.6	ABC	3	کردی
کمپنی <nsubj مدت <obj بڑھا	کمپنی	مدت	بڑھا	1	1.6	ABC	3	بڑھا
کمپنی <nsubj مواد <obj کیے	کمپنی	مواد	کیے	1	1.6	ABC	3	کیے
کمپنی <nsubj ٹیم <obj دی	کمپنی	ٹیم	دی	1	1.6	ABC	3	دی
کمپنی <nsubj پرواز <obj کر	کمپنی	پرواز	کر	1	1.6	ABC	3	کر
کمپنی <nsubj چارجر <obj کرتی	کمپنی	چارجر	کرتی	1	1.6	ABC	3	کرتی
کمپنی <nsubj چارجر <obj کرے	کمپنی	چارجر	کرے	1	1.6	ABC	3	کرے
کمپنی <nsubj ڈالر <obj دیئے	کمپنی	ڈالر	دیئے	1	1.6	ABC	3	دیئے
کمپنی <nsubj ڈیزائن <obj رکھتے	کمپنی	ڈیزائن	رکھتے	1	1.6	ABC	3	رکھتے
کمپنی <nsubj کاروں <obj کرنا	کمپنی	کاروں	کرنا	1	1.6	ABC	3	کرنا
کمپنی <nsubj کالوں <obj چھانتی	کمپنی	کالوں	چھانتی	1	1.6	ABC	3	چھانتی
کمپنی <nsubj کام <obj کر	کمپنی	کام	کر	1	1.6	ABC	3	کر
کمپنی <nsubj کامیابی <obj کرلی	کمپنی	کامیابی	کرلی	1	1.6	ABC	3	کرلی
کمپنی <nsubj کلٹس <obj کیا	کمپنی	کلٹس	کیا	1	1.6	ABC	3	کیا
کمپنیاں <nsubj تقریبات <obj کر	کمپنیاں	تقریبات	کر	1	1.6	ABC	3	کر
کمپنیاں <nsubj پروڈکٹس <obj کرتی	کمپنیاں	پروڈکٹس	کرتی	1	1.6	ABC	3	کرتی
کمپنیوں <nsubj استعمال <obj کر	کمپنیوں	استعمال	کر	1	1.6	ABC	3	کر
کمپنیوں <nsubj دلچسپی <obj کی	کمپنیوں	دلچسپی	کی	1	1.6	ABC	3	کی
کمپنیوں <nsubj شیئرز <obj خریدے	کمپنیوں	شیئرز	خریدے	1	1.6	ABC	3	خریدے
کمپنیوں <nsubj قدمیں <obj بڑھائی	کمپنیوں	قدمیں	بڑھائی	1	1.6	ABC	3	بڑھائی
کمپنیوں <nsubj ٹیکنالوجی <obj کرنا	کمپنیوں	ٹیکنالوجی	کرنا	1	1.6	ABC	3	کرنا
کمپنیوں <nsubj کاری <obj کیا	کمپنیوں	کاری	کیا	1	1.6	ABC	3	کیا
کمپنیوں <nsubj کیمپس <obj کردیے	کمپنیوں	کیمپس	کردیے	1	1.6	ABC	3	کردیے
کمپوزر <nsubj موسیقی <obj کی	کمپوزر	موسیقی	کی	1	1.6	ABC	3	کی
کمپیوٹرز <nsubj سسٹمز <obj کرنا	کمپیوٹرز	سسٹمز	کرنا	1	1.6	ABC	3	کرنا
کمپیوٹرز <nsubj ورژن <obj کرنا	کمپیوٹرز	ورژن	کرنا	1	1.6	ABC	3	کرنا
کمیشن <nsubj ریلیز <obj دیا	کمیشن	ریلیز	دیا	1	1.6	ABC	3	دیا
کمیشن <nsubj ریلیز <obj روک	کمیشن	ریلیز	روک	1	1.6	ABC	3	روک
کمیٹی <nsubj ترتیبات <obj کی	کمیٹی	ترتیبات	کی	1	1.6	ABC	3	کی
کمیٹی <nsubj شرکت <obj کر	کمیٹی	شرکت	کر	1	1.6	ABC	3	کر
کمیٹی <nsubj فہرست <obj کی	کمیٹی	فہرست	کی	1	1.6	ABC	3	کی
کمیٹی <nsubj مسئلے <obj کرے	کمیٹی	مسئلے	کرے	1	1.6	ABC	3	کرے
کمیٹی <nsubj کر >obj انتخاب	کمیٹی	کر	انتخاب	1	1.6	ABC	3	کر
کنندگان <nsubj ایفون <obj دیتے	کنندگان	ایفون	دیتے	1	1.6	ABC	3	دیتے
کنٹرولر <nsubj استعمال <obj کرتا	کنٹرولر	استعمال	کرتا	1	1.6	ABC	3	کرتا
کنٹرولر <obj بچے <nsubj کریں	کنٹرولر	بچے	کریں	1	1.6	ABC	3	کریں
کپتان <nsubj کردار <obj کیا	کپتان	کردار	کیا	1	1.6	ABC	3	کیا
کپتان <nsubj کھلاڑی <obj نکال	کپتان	کھلاڑی	نکال	1	1.6	ABC	3	نکال
کپتان <nsubj کھیل <obj کھیلا	کپتان	کھیل	کھیلا	1	1.6	ABC	3	کھیلا
کپتان <nsubj کہا >obj کامیابی	کپتان	کہا	کامیابی	1	1.6	ABC	3	کہا
کپتانوں <nsubj خدشہ <obj کیا	کپتانوں	خدشہ	کیا	1	1.6	ABC	3	کیا
کپڑے <nsubj زندگی <obj بناتے	کپڑے	زندگی	بناتے	1	1.6	ABC	3	بناتے
کھلاڑی <nsubj بال <obj بھیجتا	کھلاڑی	بال	بھیجتا	1	1.6	ABC	3	بھیجتا
کھلاڑی <nsubj رنز <obj بناتا	کھلاڑی	رنز	بناتا	1	1.6	ABC	3	بناتا
کھلاڑی <nsubj سلسلہ <obj جوڑنے	کھلاڑی	سلسلہ	جوڑنے	1	1.6	ABC	3	جوڑنے
کھلاڑی <nsubj میڈل <obj دلایا	کھلاڑی	میڈل	دلایا	1	1.6	ABC	3	دلایا
کھلاڑی <nsubj ویگن <obj بنانے	کھلاڑی	ویگن	بنانے	1	1.6	ABC	3	بنانے
کھلاڑی <nsubj کارڈ <obj کرتے	کھلاڑی	کارڈ	کرتے	1	1.6	ABC	3	کرتے
کھلاڑی <nsubj کہا >obj لمحہ	کھلاڑی	کہا	لمحہ	1	1.6	ABC	3	کہا
کھلاڑیوں <nsubj بال <obj بھیجا	کھلاڑیوں	بال	بھیجا	1	1.6	ABC	3	بھیجا
کھلاڑیوں <nsubj بلےبازی <obj کیا	کھلاڑیوں	بلےبازی	کیا	1	1.6	ABC	3	کیا
کھلاڑیوں <nsubj بیٹنگ <obj کی	کھلاڑیوں	بیٹنگ	کی	1	1.6	ABC	3	کی
کھلاڑیوں <nsubj جان <obj پڑھائی	کھلاڑیوں	جان	پڑھائی	1	1.6	ABC	3	پڑھائی
کھلاڑیوں <nsubj حملوں <obj بڑھایا	کھلاڑیوں	حملوں	بڑھایا	1	1.6	ABC	3	بڑھایا
کھلاڑیوں <nsubj دماغ <obj کرنا	کھلاڑیوں	دماغ	کرنا	1	1.6	ABC	3	کرنا
کھلاڑیوں <nsubj فیصلہ <obj کیا	کھلاڑیوں	فیصلہ	کیا	1	1.6	ABC	3	کیا
کھلاڑیوں <nsubj قوت <obj دکھائی	کھلاڑیوں	قوت	دکھائی	1	1.6	ABC	3	دکھائی
کھلاڑیوں <nsubj قوت <obj کر	کھلاڑیوں	قوت	کر	1	1.6	ABC	3	کر
کھلاڑیوں <nsubj لائن <obj کر	کھلاڑیوں	لائن	کر	1	1.6	ABC	3	کر
کھلاڑیوں <nsubj موقع <obj ہونے	کھلاڑیوں	موقع	ہونے	1	1.6	ABC	3	ہونے
کھلاڑیوں <nsubj ناموں <obj کیا	کھلاڑیوں	ناموں	کیا	1	1.6	ABC	3	کیا
کھلاڑیوں <nsubj کامیابی <obj کرنی	کھلاڑیوں	کامیابی	کرنی	1	1.6	ABC	3	کرنی
کھلاڑیوں <nsubj کردار <obj کرنا	کھلاڑیوں	کردار	کرنا	1	1.6	ABC	3	کرنا
کھلاڑیوں <nsubj کرداروں <obj کیا	کھلاڑیوں	کرداروں	کیا	1	1.6	ABC	3	کیا
کھلاڑیوں <nsubj کرکٹ <obj کھیلا	کھلاڑیوں	کرکٹ	کھیلا	1	1.6	ABC	3	کھیلا
کھلاڑیوں <nsubj گول <obj بننے	کھلاڑیوں	گول	بننے	1	1.6	ABC	3	بننے
کہانی <nsubj دلوں <obj چھوا	کہانی	دلوں	چھوا	1	1.6	ABC	3	چھوا
کہانی <nsubj مجموعے <obj دکھاتی	کہانی	مجموعے	دکھاتی	1	1.6	ABC	3	دکھاتی
کیمرے <nsubj کام <obj کرتے	کیمرے	کام	کرتے	1	1.6	ABC	3	کرتے
کیوبک <nsubj فائدہ <obj ہوتا	کیوبک	فائدہ	ہوتا	1	1.6	ABC	3	ہوتا
کیچ <nsubj مشکلات <obj بڑھائی	کیچ	مشکلات	بڑھائی	1	1.6	ABC	3	بڑھائی
گانا <nsubj لمحات <obj کرتا	گانا	لمحات	کرتا	1	1.6	ABC	3	کرتا
گانا <nsubj پہلوؤں <obj کرتا	گانا	پہلوؤں	کرتا	1	1.6	ABC	3	کرتا
گانا <nsubj کرتا >obj دن	گانا	کرتا	دن	1	1.6	ABC	3	کرتا
گانے <obj گلوکاروں <nsubj گایا	گانے	گلوکاروں	گایا	1	1.6	ABC	3	گایا
گاڑی <nsubj لگجری <obj اٹھا	گاڑی	لگجری	اٹھا	1	1.6	ABC	3	اٹھا
گروہ <nsubj لوگوں <obj کرتے	گروہ	لوگوں	کرتے	1	1.6	ABC	3	کرتے
گروہ <nsubj پیسے <obj کمائے	گروہ	پیسے	کمائے	1	1.6	ABC	3	کمائے
گرڈز <nsubj حصوں <obj کرتے	گرڈز	حصوں	کرتے	1	1.6	ABC	3	کرتے
گریڈز <nsubj قیمتیں <obj کرتے	گریڈز	قیمتیں	کرتے	1	1.6	ABC	3	کرتے
گیتوں <nsubj لوگوں <obj کر	گیتوں	لوگوں	کر	1	1.6	ABC	3	کر
ہاکنگز <nsubj آلہ <obj کیا	ہاکنگز	آلہ	کیا	1	1.6	ABC	3	کیا
ہیکرز <nsubj آلہ <obj کر	ہیکرز	آلہ	کر	1	1.6	ABC	3	کر
ہیکرز <nsubj نام <obj کرلیا	ہیکرز	نام	کرلیا	1	1.6	ABC	3	کرلیا
یوٹیوب <nsubj مواد <obj کرے	یوٹیوب	مواد	کرے	1	1.6	ABC	3	کرے
